book_id,chap_id,0,1,2,3,4,5,6,7,8,9,10,11,12,13,14,15,16,17,18,19
105,1,0.0,0.0,0.0,1.3487820566484992,0.0,0.0,1.7847265930446177,0.0,0.0,0.0,0.0,1.078242367826154,0.0,0.0,0.7850533073816511,0.0,0.0,0.0,0.12517456281606446,0.0
105,2,0.0,0.0,0.0,0.501719728963473,0.0,0.14069309783946624,1.9201097883900928,0.0,0.12710676858020648,0.0,0.0,0.35992431439934036,0.05747884963404827,0.0,0.9139546942985697,0.08366437684130164,0.02544535306933835,0.0,0.24981392940245,0.0
105,3,0.0,0.06114352424202844,0.0,0.0,0.0,0.6306396004593268,3.2645676990146173,0.03369783454645364,0.7709670865354998,0.0,0.0,0.1527259265709851,0.0,0.0,0.37690777099517236,0.0,0.0,0.0,0.0,0.43199849736969925
105,4,0.0,0.0,0.0,0.0,0.0,0.0,0.2065968029174116,0.0,0.7259993977375363,0.0,0.26807744897404856,0.48928195735266483,0.0,0.14289944959887424,0.29123953684038806,0.0,0.4758321172853246,0.05708111863567936,0.12537021581652513,0.0
105,5,0.0,0.0341152254053779,0.0,0.2788260091824952,0.0,0.1641163912803579,0.6626923995109222,0.0,1.8542914181388452,0.0,0.0,0.15206912986791268,0.8481159046156158,0.0,1.0067459322301204,0.14928353139918363,0.0,0.0,0.2069238519637157,0.4773291001765755
105,6,0.020681377810806045,0.0,0.0,0.0,0.14623652690048294,0.11754513540080697,0.10961500881515247,0.0,3.2780680031271894,0.04328488971146322,0.0,0.7918293994801467,0.10539346255837313,0.4579289895022114,0.8625316333067949,0.0,0.0,0.21553214742230037,0.0294395616730914,0.0
105,7,0.009088766149392606,0.0,0.0,0.08437732449428464,0.0,0.08900611780073689,0.0,0.5909383336710323,1.9173031101871896,0.0,0.0,0.46072814235563037,1.3560968171049732,0.42215788055849124,0.8172107454234541,0.10162303533845529,0.16482759014184814,0.0,0.0,0.1225155235846053
105,8,0.07446650464033337,0.04045671283484824,0.0,0.0,0.0,0.26867919275167756,0.05406962537996281,0.3647848002337804,1.9493754762346034,0.0,0.4696160355702548,0.557338951454635,0.0,0.0,0.0,0.30886999749733723,0.0,0.2121010006830806,0.0,0.9684310978317044
105,9,0.04301340764856436,0.0,0.0,0.03382831571177359,0.0,0.019783970623707615,0.15477422262248502,0.3083319707844658,2.058922446987068,0.0,0.1896205119800406,0.5686837648889637,0.09387496903546524,0.0,0.24499295945368593,0.0,0.06312849830048364,0.03500071921888002,0.001978824314705362,0.15749746273594764
105,10,0.0,0.0,0.0,0.0,0.0,0.059637763293692934,0.0,0.05632815607339188,4.948256725030758,0.1318858586682414,0.45511887327094824,0.0,0.5715541438037742,0.0,0.0,0.0,0.630595861126291,0.0,0.010693073301146109,0.07229317648879575
105,11,0.12721686661820755,0.0,0.0,0.0,0.0,0.0,0.0,0.5757322870322711,0.958601557785248,0.0,0.024005923765921408,0.5586387958127735,0.7454524529976481,0.15261336242677723,0.7968133984323568,0.0,0.0,0.013846525930289502,0.0,0.0
105,12,0.0,0.11352020934214939,0.0,0.007465098225990085,0.0,0.7834802413166155,0.3206305594515995,1.3624047907005497,4.39916782113924,0.0,0.40818501543002117,0.0,1.2700834035401505,0.029318160465531762,0.8015179233553889,0.0,0.0,0.0,0.0,0.0
105,13,0.016474586376034314,0.0,0.0,0.0,0.0,0.3746081924924029,0.22870939761607104,0.4416242787169876,0.5364199744837298,0.020078190425482485,0.0,0.297900967183274,1.2167909415393017,0.11715545797900424,0.6247620430145844,0.0,0.37229149394296107,0.0,0.0,0.0
105,14,0.0,0.0,0.0,0.11169504885065926,0.0,0.0,0.0,0.033386428747097574,2.7003636079636544,0.09075414778937008,0.0,0.12565550893680516,0.0654595482293767,0.05559052514588283,0.4074832892085254,0.12190833995403533,0.0,0.0,0.0,0.33849159842172766
105,15,0.0,0.0,0.011228208772362974,0.4419104758776755,0.0,0.0,1.4851322864324177,0.3675150838132431,0.46672870371175734,0.0,0.0,0.10604595048019014,0.11122818957325252,0.0,2.1334808802232583,0.0,0.2102568836631946,0.0,0.19151853745661535,0.0
105,16,0.0,0.0,0.0,0.3378479336715288,0.006641380297776829,0.38277037879539094,0.48176378830922595,0.0,0.42734345701453647,0.0,0.0,0.18006089017264668,0.0,0.312594847456712,1.6092002786137378,0.0,0.27439527961741467,0.0,0.4557099395713734,0.0
105,17,0.0,0.031817306314955135,0.0,0.0,0.0,0.0,0.6740473485286393,0.1674182223264666,0.5612762830093978,0.0,0.5654879657173242,0.8454876875279663,0.09975883750656112,0.027450606885051184,2.4490319565979837,0.0,0.0,0.0,0.29154076349424246,0.021444941403388745
105,18,0.0,0.0,0.0,0.0,0.039203560915982795,0.1453776364215815,1.112819066988429,0.0,2.102989802811034,0.0,0.0,0.0,0.2772013230205529,1.1416680808821495,1.5975084647602582,0.05234439069206381,0.5767680544496672,0.0,0.004205286467177832,1.13915080032928
105,19,0.0,0.07978044579575123,0.01324054944022238,0.0,0.11236495353269058,0.0,0.0,0.6824777134567149,1.055257611985917,0.0,0.4285276609919394,0.0,0.6046498291691675,0.0,0.5569965976302657,0.04930567270918938,0.0,0.0,0.44405261194292,0.0
105,20,0.06560498906440733,0.0748696155668976,0.018725247031696805,0.07760808786637469,0.0,0.0,0.4135116052869225,1.787350818596121,0.20138517774670772,0.007893533655255438,0.3803142571787339,0.0,0.1299971268469748,0.0026608595048124048,1.184571681445412,0.093009148499036,0.8697556954758395,0.0,0.4127344196740971,0.0
105,21,0.0,0.0,0.014554526054545108,0.0,0.0,0.18879041329032084,0.32926238051918255,0.0,0.24377630923297666,0.07166309641463342,1.349679093871206,0.0,0.0,0.4245172564865705,8.457488942189933,0.09367804917832394,0.449980734405613,0.0,0.0,0.6509289364006755
105,22,0.0,0.0,0.0,1.5867128708346898,0.0,0.0,0.6069020340368169,0.7820974391663988,3.4493702051763044,0.0,0.0,0.0,1.3642151294092701,0.0,2.44515766215282,1.6478134473601882,0.0,0.0,0.0,0.0
105,23,0.0,0.0,0.0,0.0,0.0,0.5433837921717932,0.0,1.0335666764547282,2.227706047049384,0.0,4.51150004654478,0.0,0.6431869168550406,0.7278842052905659,0.0,0.845390106216952,0.0,0.0,0.0,0.13525151819772696
105,24,0.022147647137572255,0.0,0.010707780992982968,0.13969082126028903,0.0,0.0,0.8144767392291361,0.0,0.18058848209115608,0.023292531641565802,0.16655755836050898,0.46338863571091055,0.0,0.006425774538950593,0.5321643876096809,0.0,0.3938717031428373,0.0,0.02591484884178649,0.0
121,1,0.0,0.0,0.0,0.11068704966198127,1.0085978396724888,0.020253670320130274,0.0,0.0,0.009668014039008304,0.0,0.0,0.7120672751097645,0.0,0.21123972121906537,0.0,0.0,0.09845656491221745,0.0,0.0,0.0
121,2,0.0,0.0,0.0,0.0,1.5202120211829464,0.03904910746068239,0.03906489846957598,0.917857700009704,0.3344825112622312,0.0,0.0,0.17330479573296317,0.06289913600132321,0.0,0.42080967424930976,0.17259474365727795,0.01610376942526772,0.0,0.06923163616373716,0.13917377044003118
121,3,0.0,0.0,0.0,0.0,0.9973552998943096,0.0,1.196868406456454,0.08221597488825637,0.34154055255670623,0.0,0.0,0.0,0.0,0.03350228916985841,0.31167805478712174,0.0,0.0008430009377251512,0.0,0.0,0.5819071001279373
121,4,0.0,0.0,0.0001150251559098047,0.0,0.7140008538226513,0.0,0.0,0.5390035870778276,0.3713375994355427,0.0,0.0,0.22066945147543773,0.0,0.0,0.5644713250428773,0.0,0.008111068021524203,0.007691968287184776,0.030322661689092707,0.052761315291909076
121,5,0.0,0.0,0.0,0.0,0.7853315011384892,0.18869098396268938,0.0,0.21520006496536745,0.2118094324328496,0.0,0.0,0.0,0.0,0.0,0.4387166682790068,0.1988486839497201,0.0019352717516357828,0.0,0.07163365572118667,0.10743058430227516
121,6,0.0,0.0,0.0,0.0,1.2675567230350866,0.20975964430649943,0.16054548972236424,0.04501549495684772,0.0,0.012058090962599162,0.0,0.0,0.10093329884154646,0.0,0.0,0.23303603364969902,0.07464817646423587,0.0,0.0,1.346723888840068
121,7,0.0,0.03598824084451027,0.0,0.0,2.8650531412356117,0.0,0.0,0.3715069912313316,0.28389619763291407,0.0,0.0,0.17838404788267284,0.0,0.005827633023012153,0.12257711089276763,0.0,0.47157764040021893,0.0,0.0226804317521219,1.1677798047707764
121,8,0.0,0.0,0.12566398347669586,0.0,3.2163087772473933,0.0,0.46155696278566666,0.46713879118166735,0.7755078071948432,0.0,0.0,0.0,0.15918228027291484,0.0,0.0,0.0,0.0,0.0,0.1638155140734044,0.7343883557796523
121,9,0.038177395309133624,0.0,0.07147719254949288,0.0,2.8088009081776932,0.0,0.0,0.27272499238226006,0.5337684076541674,0.04450571209948138,0.06273397153536955,0.0,0.7951166855209346,0.0,0.24225394198209568,0.0,0.0,0.0,0.006380262126642469,1.7937547962143563
121,10,0.006164012540603713,0.0,0.0,0.0,2.2143371066523803,0.0,0.0,0.9154696890982749,0.7149443839629638,0.0,0.0,0.0,0.4161339938115548,0.0,1.275997801300868,0.0,0.0,0.0,0.16774750447430012,2.0477429123542796
121,11,0.0,0.0,0.0,0.0,2.2848511207305857,0.0,0.0,0.23083721225782616,0.18583408213340294,0.0,0.0419508708465758,0.0,2.5091197741017504,0.0,0.0,0.0,0.032357533509895425,0.03192229665793244,0.016916901286737774,0.7917486003801905
121,12,0.0,0.01230328725015426,0.0918061710341307,0.04305411228404356,1.394905367708701,0.05148619267334936,0.0,0.6111695540352821,0.11064382697795401,0.032633115806339694,0.0,0.005385827938054901,0.2779715162633679,0.09324895381564416,0.32082872027207854,0.5496420783781367,0.0,0.0,0.031888770874699345,0.1868185549382355
121,13,0.0,0.0,0.0,0.0,3.5838482498450417,0.03919806365110704,0.0,0.0,0.0,0.0,0.7742316094855362,0.0,2.7181628633087214,0.0,0.0,0.0,0.0,0.0,0.0,0.0
121,14,0.0,0.017247383598176808,0.009016995681312265,0.0,2.1321207268345117,0.0,0.0045726290052085835,0.0,0.9233676476047888,0.0,0.46183090480112887,0.24574744112882518,0.194948764558468,0.4841603838578653,0.11865748582391834,1.1620452297535493,0.0,0.0,0.050417303324096725,0.6012932583046885
121,15,0.0,0.0028102016156658118,0.028703648890445053,0.09396740445155025,3.626329843049327,0.12889939455607982,0.0,0.1581447429585653,0.16516232314084753,0.0,0.0,0.0,0.24165577803894522,0.4719855335598468,0.0,0.0,1.2297262595547496,0.0,0.0,0.9353950559098778
121,16,0.02313133464000017,0.0,0.0,0.0,1.5440888543051303,0.039690745630199004,0.0,0.11542219105377896,0.025459447848111896,0.031466173831128735,0.22274556621092273,0.5817515267468912,0.0,0.09749354579126554,0.41884538265128746,0.4443664184961367,0.17614233787150047,0.12168025353762287,0.15103649323127322,1.051700799965247
121,17,0.0,0.0,0.004801896767383226,0.0,0.6557681700834396,0.2488541862834689,0.026938318773266075,0.050770997372935105,0.07368275839681991,0.0,0.06080603522257026,0.33194052080017983,0.10794521344029895,0.33462402638891847,0.6194610297754518,0.11935703125946519,0.11225912390835573,0.0,0.0,0.0
121,18,0.01594588123697446,0.0,0.0,0.0,1.7585010572231303,0.0,0.0,0.17633882978235646,0.2299916182624799,0.0,0.2732934129219746,0.0,0.0,0.24112540524638368,0.0,0.1433159182415159,0.8077872388315571,0.1836701688016294,0.07917679261884862,0.687826252563883
121,19,0.0,0.0,0.0,0.0,1.6043000321015837,0.0,0.0,0.0,0.0,0.0,0.5743999973771525,0.0,0.11615017267312415,0.0,0.4955865280854556,0.05308504714270765,0.7492974362489009,0.04489941197867751,0.0,0.21997902569969058
121,20,0.03130080828270239,0.0,0.0,0.0,1.0586549779518843,0.04408814074692473,0.0,1.4428292266059055,0.0,0.0033171228146136366,0.0,0.6938531878867598,0.32648495987658965,0.006610875134602415,0.2177272025178477,0.19758908908429298,0.0,0.0,0.0,0.14148429116802463
121,21,0.0,0.0,0.0,0.0,1.9029397225183253,0.0,0.0,2.1830748697433893,0.0,0.0,0.14509788575684587,0.0,0.0,0.0,0.0,0.231676802027175,0.0038428225821374637,0.0,0.0,0.0
121,22,0.0,0.021604143840129823,0.020459835880280358,0.0,2.124768787611852,0.007083051622012006,0.0,1.0566826059169039,0.2539649985669674,0.0,0.031350280689996665,0.5952961044803957,0.11773771012347675,0.0,0.17931602180236939,0.08362995285975472,0.7674523485430542,0.0,0.0,0.04611192033157713
121,23,0.0,0.0,0.0,0.0,2.1895172465131294,0.005831704474585433,0.0,1.7965308652297585,0.0,0.0,0.0,0.2661081917045863,0.0,0.0,0.15997865103787373,0.0,0.0,0.0,0.0,0.0
121,24,0.0,0.0,0.0,0.028544334699277654,1.7256278628835295,0.4145861237464528,0.0,1.3162273524143706,0.0,0.0,0.24502474087188755,0.18123605883886074,0.12578847596294915,0.15663373018557594,0.7130613264779043,0.0,0.0,0.0,0.0,0.0
121,25,0.0,0.0,0.0,0.0,2.4418243407675218,0.0,0.0,0.26836957922482996,0.0,0.0,0.3748545462906098,0.11950729441862265,0.0,1.3996143003621526,0.26442297362411327,1.0618844340954543,0.682068518658132,0.0,0.0,0.0
121,26,0.0,0.0,0.0,0.0,1.7591894402816068,0.0,0.060132272607808054,0.8505688232319863,0.0,0.0,0.0,0.6024075116601163,0.1433519282772053,0.0,0.0,0.8415709417803456,0.0,0.0,0.0,0.3128178191824269
121,27,0.0,0.0,0.0,0.0,0.620737760024043,0.0,0.0,0.0,0.034661448092557307,0.010498713466253114,0.3756882631928359,0.0,0.0,0.6065175624478338,0.06065416264104393,0.23226208858741046,0.14451176164097793,0.0,0.0,0.27230477271600023
121,28,0.0,0.0,0.0,0.0,2.866116234559067,0.18963736320358057,0.0,1.1207046812468895,0.0,0.10195396803705772,0.803364395737687,0.2673433752545083,0.6772541850716938,0.5841049122593883,0.0006926017662762342,0.07517232111277986,0.08558545930974613,0.0,0.0,0.0
121,29,0.011336934268395491,0.0,0.010137846931458175,0.0,2.3518558359407518,0.14359164165031385,0.0,0.6101966351704267,0.23908382251930885,0.05920874983223164,0.08354721185600565,0.8643305321088612,0.17041699720456516,0.6525545993897154,0.2786491575741018,0.02469262170330066,0.2086261382044929,0.0,0.0,0.0
121,30,0.0,0.0,0.0,0.0,2.5607920129812114,0.03455420425573387,0.08461888159852506,0.3785740019657946,0.0,0.0,0.13114586919503143,1.035243777315115,0.0,0.1407319612565768,0.38491864189541786,0.1975970455657855,0.0,0.0,0.0,0.0
121,31,0.0,0.0,0.0,0.020111946646263913,0.80731523273267,0.09869842459513267,0.0,0.0,0.0,0.08637541308858296,0.10792100378296912,0.6801479355082801,0.0,0.1247372041788473,0.0,0.02435982970159464,0.0,0.0,0.0,0.0
141,1,0.08561475727454707,0.0,0.0,0.0,0.0,0.1390756901538691,2.0287327113407034,0.0,0.7381517539223863,0.0,0.0,0.9674446562109397,0.0,0.6765386237381363,0.0,0.04817326612271222,0.8361088322993362,0.2042739853403066,0.0,0.43320270577466546
141,2,1.2156302153753096,0.0,0.0,0.0,0.005516718550821487,0.0,1.0069897317193832,0.36509678180875377,0.28488848743251205,0.005694193426933287,0.0,1.1877367308396924,0.0,0.3299071176685584,0.0,0.2621568753717135,0.42973714224350446,0.0,0.03246780457869742,0.5308423832443944
141,3,1.5470971226170327,0.0,0.0,0.0,0.0,0.0,1.7201836583133103,0.0,0.0,0.0,0.0,0.4089864660832138,0.5345505120366412,0.015104620428615313,0.19629005018259135,0.0,0.9754673122284525,0.0,0.0,1.184883040004452
141,4,0.5733522975860185,0.0,0.06630443716933107,0.18844028623249187,0.0,0.0,1.1432681260206383,0.04623303032330156,1.4265178946359438,0.0,0.0,1.5806532722505995,0.0,0.040793778912131526,0.045416481170735885,0.07228217657072934,0.420913126627972,0.0,0.0,0.0
141,5,0.22848672128566092,0.0,0.0,0.0,0.10368526480331197,0.0,0.0847891881262189,0.0,1.585786127163524,0.0,0.17139004671275115,0.7207792175496165,0.0,0.0,0.6260559244206355,0.2231675494873147,0.2869065202107092,0.0,0.12855932830182557,0.725218364245956
141,6,0.4965296757804251,0.0,0.0,0.0,0.21421706117165273,0.08236752068415616,0.5496223896760563,0.0,0.790056427782042,0.05688996491294752,0.004836748259049148,0.3532393789772902,0.243197489735682,0.27006970246372247,0.43942045628557563,1.1844307769644473,0.0959544091497495,0.023679167301138174,0.05275599297633998,0.9322152884566006
141,7,1.783585528638735,0.005726809157842636,0.0,0.0,0.0,0.0,0.0,0.723189218416961,1.4628692478804401,0.0,0.34821640023521017,0.38025325753169903,0.858011370221383,0.02358915776546511,0.0,0.0,0.10492521602537343,0.0,0.007972750774228406,0.35696246837543055
141,8,0.7631532831459433,0.0,0.028216453486445678,0.0,0.0,0.12555831524238634,0.042032942824512656,0.30435338075139373,1.314768246378223,0.13563345533176294,0.0,0.3775682535792186,0.8986112830452329,0.0,0.0,0.0,0.0,0.0,0.045367403268943216,0.19617937158722748
141,9,1.009554745132322,0.021007251898050208,0.0,0.0,0.0,0.2827918315331467,0.0,0.9326645526892777,0.8644027769524613,0.0,0.34191260672544893,0.23197791826617248,0.8666039255988733,0.0,0.2605685598443302,0.7524608171381534,0.0,0.0,0.19775523947315204,0.2002793139609471
141,10,1.07125383149441,0.0,0.03894640715314789,0.0,0.04578289307107157,0.0,0.0,0.4439943519618205,0.5538472597584269,0.0,0.4478202572212914,0.1354094887537416,0.8625435217533828,0.0,0.0,0.22926229792284444,0.0,0.0,0.129683373099204,0.5775998862373632
141,11,0.7956312519303459,0.0011146908656698177,0.0,0.0,0.1118846843863199,0.012293442430715664,0.18741478167048192,0.02093740686867537,0.25253530136195224,0.07644357120460847,0.4337779522633453,0.4838890012690073,0.16378300159743092,0.0,0.277947867261992,0.2656676889025527,0.026578560818067618,0.054105715061228826,0.05406409001662964,0.20742502467482182
141,12,0.8003259202170359,0.05860064037790884,0.004781218742714871,0.0,0.0,0.0,0.2980913700856439,0.26544136938218404,0.5089875973332946,0.029771143882638493,0.08332166638266023,0.19283582382891237,0.0,0.0836863482587568,0.13045609299527683,0.0953781840521874,0.18983358447633916,0.0779429511984087,0.14339727964922944,0.41338054187883166
141,13,0.18747513076446357,0.0,0.0,0.04560356702622151,0.0,0.6339679264212454,0.41522672964982743,0.9475451948660274,0.0,0.0,0.0,0.30280733010311434,0.0,0.00041616330703163904,0.0,2.530564428140751,0.0,0.0,0.0,0.3747211819206181
141,14,0.16583165137058378,0.0,0.03701907387124497,0.0,0.0,0.0,0.0,0.0,0.625714076338934,0.0,0.09474337334676514,0.1865154182601897,0.0,0.0,0.0,3.0222347255181163,0.0,0.0,0.00541911667668371,0.0
141,15,0.9411092601392694,0.0,0.0,0.0,0.0,0.34803274751135965,0.08708012185580939,0.0,0.0,0.04055165790846898,0.0,0.0,0.11953245131303866,0.0,0.0,5.039497407948597,0.0,0.0,0.0,0.14995286461623128
141,16,0.8494964987825445,0.0,0.0,0.0,0.0,0.0,0.09716210233454478,0.4889042913327292,0.0,0.0,0.26791776420713986,0.0,0.334159761477808,0.0,0.3779188410053833,0.6437081996048354,0.0,0.0,0.025929401033055015,0.26461089963177
141,17,0.4024198965930195,0.0,0.004669939775858341,0.0,0.07973371312582582,0.0,0.34815211715737593,0.0,0.4621393172415708,0.0,0.0,0.27369205228259075,0.0,0.0,0.0,0.9268784118420729,0.4872543614738742,0.0,0.0,0.0
141,18,1.3433050345074906,0.0,0.0,0.0,0.0,0.0,0.0,0.9337070085934953,0.0,0.0,0.0,0.0,0.0,0.0,0.0,2.172987850192066,0.07573645213302362,0.0,0.0,0.0
141,19,0.5169725386049205,0.09227784699945346,0.013396960064831738,0.0,0.0,0.38019522437103875,4.404342299722211,1.732007923755412,0.0,0.0,0.12700469537136125,0.027814811854458058,0.39913557549286577,0.0,0.3808221412563053,0.8129113721169536,0.3145966575329714,0.0,0.0,0.0
141,20,0.23887229107052235,0.0,0.01586725410683221,0.0,0.032742342233488875,0.0,1.831890036809524,0.4250282008073479,0.4061562212687534,0.0,0.0,0.2203053984975172,0.49596488552889506,0.3888446816342034,0.7756712492086536,0.3842558422792459,0.08522582985681226,0.0,0.0,0.0
141,21,0.7826972102997234,0.022259858207735867,0.0,0.040310389530329054,0.0,0.3049735741790744,1.0927910915557024,0.0,0.0,0.0,0.0,0.6888869307173832,0.23629467180103852,0.21260843760395043,0.7109199129724803,0.5708716543592772,0.21085570690268995,0.0,0.0,0.0
141,22,1.276063541930519,0.0,0.0,0.0,0.0,0.41449032279656045,0.0,0.5163173151409528,2.320867935827094,0.007547175779601179,0.1835869199627734,0.36114636868426553,0.12853063263207623,0.0,0.0,0.2705328639660777,0.0,0.0,0.0,0.4347545646005937
141,23,1.92572646737952,0.0,0.0,0.08146777926159068,0.0,0.0,1.6285803570574908,0.6058170522304857,0.26805622930160683,0.0,0.0,0.0,1.0155151244075793,0.0,0.13741850549245846,0.6644644311557094,0.0,0.14390277761730094,0.0,0.5857328974089201
141,24,0.9621547318167277,0.0,0.0,0.0,0.203402492189225,0.0,0.5293562214443226,0.1977211618854297,0.5187375330637934,0.0,0.19730405433748927,0.47614612329808975,0.043095430989329817,0.29950405509469874,0.10157789537900026,0.08309011875733179,1.602890746187043,0.0,0.025690630309600837,0.0
141,25,1.417777883732521,0.0,0.0,0.0,0.15411564586675983,0.0,3.023138377680681,0.0,1.0122976870909828,0.09673546652773679,0.0,0.34116626265759586,0.5257756812349077,0.0,0.0,1.3392294638992936,0.0,0.0,0.0064090624394932995,0.1679417171372429
141,26,1.1506718202220665,0.05977456355767995,0.027991406650089166,0.0,0.09656717370070021,0.06884602621552147,0.774501179111955,0.44774551757294395,0.33490969838714085,0.12857223213646518,0.347201567497592,0.24880568265943864,0.22934783484885654,0.0,0.3674007093312904,0.2144394517296996,0.23194921774297278,0.01793208182796437,0.13480850596399155,0.0033562431498584205
141,27,2.416050588450476,0.0543982375348617,0.0,0.0,0.0,0.0,0.0,0.8378870356015069,0.0,0.14589851469734233,0.9395866280689508,0.0,0.49432274102462237,0.0,0.16876895512772636,0.0,0.3127629162120728,0.0,0.050549613752274423,0.2486899194301357
141,28,1.6209868698555072,0.0,0.0,0.0,0.12499163762930872,0.0,1.9078408184168063,1.2816686301362574,0.7389304174865328,0.08578355406445977,0.03662634588942908,0.0,0.0,0.0,0.0,0.000622863969029304,0.09556140853787139,0.0,0.005153283126671126,0.28536190183123766
141,29,1.1965971444560304,0.0,0.0,0.0,0.0,0.0,1.2051463429008749,0.5162916521082794,0.3684963392530868,0.00682670767599817,0.0,0.02294168948476177,0.2709106644113227,0.4807265743970895,0.11551449315488652,0.36147289244035447,0.0,0.0,0.0,0.5628146477980832
141,30,0.7832593008232585,0.0,0.0,0.019484824069928536,0.06047587035712477,0.0,0.1798131174855379,0.0,1.8882342660100588,0.0,0.3465865674663866,0.0730171320358767,0.0,0.0,0.0,0.23199127002081002,1.3160876011725855,0.0,0.0,0.0
141,31,1.095133303096576,0.0,0.051553746254486076,0.0,0.25259560942824666,0.0,1.5251378002719285,0.8757416895070558,0.11408225496656119,0.01785251551833614,1.434653149412035,0.0,0.7494831590123973,0.13657368629550345,0.0,0.3971505589527901,0.03752009674316111,0.0,0.024929473956488476,0.0
141,32,1.816284150929527,0.0,0.0,0.0,0.0,0.0,3.5766910272715107,0.6721286913407934,0.0,0.0,1.7646766448937565,0.0,1.140080653376854,0.0,0.0,0.24389894884802515,0.2505484603142141,0.0,0.0,0.0
141,33,1.3112660548107353,0.0,0.0,0.0,0.0,0.0,1.338217981784454,0.0,0.0,0.0,0.4728828440430849,0.0,0.0,0.0,0.04106557878412784,0.0,2.1819000728563798,0.0,0.0,0.0
141,34,1.5657437053792762,0.12236324135213847,0.03236128770169278,0.0,0.024623553495489742,0.0,0.8641807571948539,0.289785338824538,0.31336413016197245,0.13596781051551143,1.1791232183742142,0.0,0.0,0.0,0.5189050283603529,0.8763570299160526,0.0,0.0,0.0,0.0
141,35,2.2117574960904665,0.0,0.0,0.0,0.0,0.0911477462898317,0.16690488328344857,0.0,0.0,0.0,1.710274780305969,0.0,0.0,0.0,0.23905774219197945,0.594076940925266,0.8644466262421211,0.0,0.0,0.3721158058006178
141,36,1.7228706560843905,0.0,0.0,0.002546669053680842,0.0030221926553413297,0.18207389515454045,0.3821207555337809,0.8207052613952764,0.09044060592021715,0.0,0.08266927942870544,0.0,0.02711237507164104,0.0,0.16658686454901306,0.4414133307448096,1.3719464126956007,0.0,0.0,0.6601719278812185
141,37,1.1181430302277697,0.04290198637431525,0.12484307409330714,0.015926483315835658,0.01361797530569548,0.0,1.0185153647508542,0.24353355220509065,0.0,0.0,0.0,0.4466825211340977,0.6185716867398021,0.7243372222668364,0.17959481391268176,0.0,1.0561509549786083,0.0,0.0,0.0
141,38,2.1868723420953358,0.0,0.06274385809877153,0.25273867840380754,0.0,0.0,0.12296852161354675,1.3650753993687017,1.770610430382925,0.0,0.0,0.0,0.5514711712557965,1.2994579441906033,0.0,0.0,0.0,0.0,0.0,0.0
141,39,0.561832798479209,0.0,0.05675564086472562,0.052489305068707484,0.0,0.0,0.04212313164969397,0.05822649958253686,0.13309650585030963,0.0,0.0,0.6505329944251707,0.0844459949252722,0.2824149892763748,0.0,0.0,0.026029532375081883,0.0,0.0,0.0
141,40,0.9741455203899622,0.0,0.0,0.0,0.0,0.0,0.0,0.016919436273654078,0.1350186131850211,0.0,0.0,0.4093327731803813,0.0,1.3451950807522097,0.021474750895030394,0.0,0.29438516679525034,0.0,0.012528777490720977,0.0
141,41,1.3029805107311987,0.05046336790528366,0.032685889605324384,0.0,0.12275174963214194,0.0,0.0,0.2215625202013393,0.5976516750498926,0.0,0.0,0.10078927588519296,0.5517526141786057,0.3693330341898838,0.9951388913941478,0.0,0.0,0.0,0.14126207246798117,0.0
141,42,0.7243675012032437,0.0,0.03976077993764505,0.0,0.0,0.0,0.1123298921773615,0.20410180191234603,0.9661264390644442,0.01660463578461025,0.24623377019697718,0.13633624215498774,0.35550644821334776,0.2504220991969565,0.1521354922810964,0.0,0.14004641790283662,0.0,0.007472208398390473,0.0
141,43,0.5872550962377222,0.032758094313697264,0.0,0.0,0.0,0.0,0.0,0.0,0.2908018734378312,0.0,0.0,0.0923449101158462,0.23069797613607845,1.040823285347143,0.03968830619746488,0.2202613529628233,0.15557201307939553,0.0,0.03464014206883013,0.0
141,44,0.8891396524946269,0.0,0.0,0.0,0.0,0.1518639040252827,0.6419382764926831,0.0,0.11178379437292155,0.0,0.3820545607659809,0.3314740699657797,0.014433118201829605,2.48389794219433,0.0,0.0,0.6663603220980983,0.0,0.0,0.15239272545616386
141,45,0.7581262536718407,0.0,0.0,0.0,0.0,0.0,0.4043344811933083,0.0,0.4910336050247115,0.04398481893478589,0.0,0.40504820651825235,0.28939941180223705,1.361189634719022,0.17248909129151244,0.4823921359778612,0.0,0.0,0.0,0.0
141,46,1.269763285011267,0.0,0.0,0.0,0.0,0.10816319490119818,0.35169791982813337,0.6625083905340817,0.0,0.0,0.3755086414289906,0.032092210591670216,0.3906232283031312,2.182514021157803,0.4043183398845062,0.0,0.0,0.0,0.0,0.0
141,47,1.962747652155494,0.013819974057690828,0.15982338025170265,0.0015794508670724926,0.10172974989270003,0.5570868715393448,1.0435330100109645,0.15918413079249005,0.0018833573467939057,0.0,1.3698812668820368,0.28471519108809934,0.22850065929982805,0.5927149400609906,0.7520403012647725,0.0,0.0,0.0,0.04254959424971053,0.0
141,48,1.1363507099748207,0.0,0.0,0.0,0.0,0.0,0.8290323567874015,0.0,0.15390833350477043,0.0,0.45163201314205187,2.239145241496741,0.0026888785048912317,0.0,0.0,0.0,1.3848416377066568,0.0,0.0,0.0
158,1,0.0,2.5123658196650696,0.0,0.11532714701970039,0.0,0.05351981208128709,0.33034415864941974,0.0,0.0,0.0,0.0,1.0566175737931665,0.23165421372998,0.2233458860281694,0.3252725689081196,0.0,0.0,0.0,0.0,0.8789287964671882
158,2,0.0,0.2729350866915292,0.0,0.0,0.0,0.0,0.0,0.0,0.0,0.0,0.0,0.9600030755383105,0.13075134026824076,0.5957487832107506,0.4115111356596904,0.0,0.3790010896691046,0.0,0.0,0.0
158,3,0.0,1.0466101872509008,0.0,0.0,0.0,0.0,0.0,0.3104044930181863,0.0,0.043575376323321084,0.0,0.8459000051419956,0.0,0.0,0.22546564267297492,0.0,0.0,0.0,0.0,0.24617124686507647
158,4,0.0,1.4362539354979806,0.0,0.0,0.0,0.0,0.0,0.0,0.0,0.0,0.0,0.9814984633693378,0.0,0.0,0.8300864507380824,0.0,0.0,0.0,0.16569450281818,1.4271165723101902
158,5,0.0,2.5627522751706926,0.016428429134696918,0.0,0.0,0.00539547430054539,0.0,0.0,0.0,0.0,0.0,0.32634104144863435,0.0,0.008989511355259591,0.0,0.0,0.5504070306762172,0.0,0.0,0.17204398422670894
158,6,0.0,1.2266918841252041,0.0,0.0,0.0,0.0,0.10127371356737101,0.36069835176598297,0.0,0.0,0.0,0.2812485997341776,0.06774787290462089,0.0,0.2581714557097257,0.05702513863716484,0.750456305064023,0.05325395125120298,0.06936829528601347,0.8446547362235088
158,7,0.0,1.253368043203528,0.0,0.0,0.0,0.0,0.0,0.0,0.0,0.0,0.6602684237400606,0.0,0.0,1.9752894924400246,0.1533873711923769,0.0,0.0,0.0,0.037224056411867774,0.7277345354084199
158,8,0.0,2.8353309411142633,0.0,0.07144539930168294,0.06029768014752801,0.0,0.27694013682175006,0.0,0.0,0.0,1.1601386268232527,0.49254099179099614,0.4206620918054782,0.0,1.0122635193662977,0.0,0.9069646070908393,0.0,0.0,0.31241697028042914
158,9,0.0,2.436582219530256,0.0,0.0,0.08249929797124621,0.1501883850869098,0.0,0.1490862910663819,0.0,0.0,0.0,0.0,0.0,0.35716623384665086,1.0115595527092354,0.5257856927062247,0.6476156475867015,0.0,0.0,2.8207149440886736
158,10,0.0,1.225902541137414,0.0,0.0,0.0,0.0,0.0,0.21956345175855235,0.0746765349270561,0.2755497014355183,0.0,0.3079295296534502,0.3675457229480622,0.025312211614827825,0.04533161264775342,0.0,0.8847630520052377,0.17011935505120365,0.0,0.7453029542692067
158,11,0.0,1.1068628071232771,0.022865112191290872,0.005741525040118892,0.0,0.0,0.2693026700057853,0.0,0.0,0.0,0.0,0.9394862591353174,0.0,0.5633704119519186,0.0,0.0,0.15043240560490903,0.0,0.0,0.8849942474423452
158,12,0.0,1.546614333727117,0.0,0.0,0.0,0.529902907519304,1.1300021680782941,0.0,0.4067133557249667,0.2765096088217302,0.00776771499819791,0.8334683242739748,0.04064295717479919,0.1498155853688096,0.0,0.28433184949374524,0.0,0.0,0.0,1.1096334177552245
158,13,0.0,2.1973229729658863,0.04222618716658953,0.0,0.0,0.0,0.22276087845344128,0.31035085565197984,0.45136446150110976,0.017180011337941007,0.05577293919654701,0.39985766435536063,0.7348273502532972,0.060824660903224304,0.0,0.0,0.08960384706793242,0.07342917364857528,0.07840037869097745,0.6734473984300734
158,14,0.0,1.364159780374792,0.0,0.0,0.0,0.0,0.0,0.21827764848057324,0.0,0.0,0.3272276518713021,0.3438631205568952,0.06911906079745622,0.20589616186602702,0.6953833270290711,0.1161941743571125,0.0,0.1582390880578719,0.01019205864390356,0.6116056397420275
158,15,0.02007785028461955,2.327288089780506,0.047441832689614445,0.0,0.046834578778869505,0.014997338388544619,0.5085783736704945,0.5192473724508305,0.0,0.0,0.4634493039565017,0.1303791985170843,0.8152910353920698,0.0033649825647391034,0.5104274697559412,0.0,0.3571312369985014,0.0020695443258249265,0.0968537049030796,0.15184894528946222
158,16,0.05056775003875235,0.8003481143403428,0.0,0.0,0.0,0.0,0.0,0.07124018309398908,0.0,0.0,0.0,0.36597512975551527,0.1488132314575208,0.1641613434430852,0.4281899689417694,0.07921623479698604,0.5214134941090343,0.04368818126538603,0.0,0.18530270412756628
158,17,0.0,0.6818350662073013,0.01533358561626105,0.0,0.0,0.006828072737583283,0.0,0.03845941592797822,0.0,0.0,0.19263487599903503,0.21165264633025796,0.06996471613903694,0.08125921037023298,0.1783273220029096,0.0,0.2682399994380272,0.0,0.008673493012350663,0.04629827814042355
158,18,0.03981059890751377,1.3213545765306813,0.0,0.0,0.0,0.040795760339802,0.0,0.0,0.007454548933354765,0.018031581483834484,0.015525663354426268,0.5135790716531403,0.22454581928996803,0.2584029766903297,0.9773397856758955,0.4456819948096764,0.11132327624755316,0.0,0.011891650650024224,0.03228487996288403
158,19,0.0,0.36118379866549477,0.0,0.0,0.0,0.0,0.0,0.0,0.0,2.9774540014054574,0.0,0.0,0.019625258594340972,1.7750519859627718,0.0,0.0,0.0,0.0,0.0,1.1241188172073737
158,20,0.0,0.7570948252661677,0.004923947336330205,0.0,0.0,0.0,0.0,0.0,0.0,1.2908609340872532,0.0,1.1615562731871214,0.0,0.0,0.4210771461629207,0.0,0.3923123150335886,0.0,0.0,0.0
158,21,0.0,2.835358082327786,0.0,0.42504298463696766,0.0,0.1333223209704319,0.6971785890081322,0.2747017590512253,0.0,1.5013483058902433,0.0,0.0,0.6045559128344615,0.1486751027660703,0.0,0.0,0.0,0.0,0.0,1.4454956766052331
158,22,0.0,0.5694580138256594,0.04596577513368557,0.1679548543321593,0.006205296991305987,0.0,0.0,0.08048260254228472,0.32046106210437725,0.0,0.01845770114094012,0.2594511033546574,0.02581825170323847,0.11198455413833662,0.44443372493466554,0.0,0.3924571757754957,0.0,0.009233209020542123,0.0
158,23,0.02151492785500497,1.7007881092390167,0.0,0.04211280185810039,0.0,0.0,0.26492454415770195,0.6053976569119546,0.4941216487309683,0.18355881817605502,0.10167957039004352,0.35831282227633576,0.7382737300173603,0.10363559059820424,1.2642868483798293,0.0,0.0,0.0,0.0,0.0
158,24,0.0,1.4430541085673296,0.0,0.0,0.0,0.0,0.0,0.5002411027402364,0.0,0.0,0.46961288471605156,0.3736199770149671,0.060593188791800486,0.0,1.1212454386694417,0.2319658652200337,0.07831791152355791,0.0,0.08521513158346196,0.7560323702844851
158,25,0.0,1.1816722253835807,0.0,0.0,0.0,0.03358464078479026,0.31217094684848035,0.32600679383061293,0.015362322460871283,0.037772537151227734,0.0,0.49461626820651344,0.4300564237648459,0.07816820932026812,0.1713214765220164,0.0,0.2996477195741192,0.0,0.0,0.4224421220334767
158,26,0.0,4.068387321207881,0.0,0.0,0.013903926787948141,0.0,0.0,1.2077795548430623,0.09044566270273736,2.6081588404257654,0.0,0.07249280598423516,0.12463412105293897,0.0,1.2959275959286123,0.8243540663296205,0.8601046885617403,0.18586803223718482,0.0,0.2998898509872539
158,27,0.0014593009116727366,1.21948342053171,0.0,0.0,0.0,0.3387993923562316,0.0,0.0,0.0,1.4172746628539827,0.0,0.0,0.8211786264415949,0.0,0.0,0.0,0.0,0.0,0.0,1.9041881379648902
158,28,0.0,1.343831192281545,0.07998335336646921,0.0,0.0,0.0,0.0,0.49529677710685566,0.0,1.1291691333984875,0.0,0.0,0.2293955600868339,0.0,0.0,0.06878862348330023,0.0,0.0,0.0,0.6628590197623374
158,29,0.0,1.3005512064836235,0.0,0.0,0.0,0.303077826525128,1.1004718137018736,1.42004305776595,0.0,0.0,0.0,0.16973653177880807,0.0,0.0,0.0,0.0859715443839977,0.0,0.0,0.0,1.4678313696875542
158,30,0.07174622773888045,1.463810891652838,0.0,0.0,0.0,0.0917392878142475,0.0,0.16495780922287365,0.0,0.5173133541713543,0.31998280425666625,0.0,0.3857265086669986,0.35070870335109094,0.0,0.004255480507167788,0.4244623472843309,0.0,0.0,0.30071909783740824
158,31,0.0,1.0445438298289984,0.0,0.0,0.004871284164325205,0.0,0.0,0.015071615458652404,0.0,0.11519704436190215,0.5561160390795136,0.06283595605689404,0.0,0.41891389308869553,0.038463133838580674,0.15165659731147546,0.9775960383190874,0.0,0.0,0.01914412214285174
158,32,0.0,2.144473801586771,0.0,0.0,0.0,0.0,0.030479348560507626,0.0,0.0,0.0,0.0,0.8588982545001383,0.0,0.0,1.1961621438758134,0.0,0.0,0.0,0.017341934238552813,1.8358145149490255
158,33,0.0,1.7808325376628307,0.0,0.0,0.0,0.07003200930113636,0.0,0.0,0.0,2.857329476800217,0.02571719193491857,0.30984693719693585,0.0,0.0,0.03016858682748999,0.05588550374769834,0.1962892075698806,0.0,0.0,0.0
158,34,0.0,1.748770723406084,0.0,0.0,0.04384229921895702,0.08234655386420671,0.1418965410662176,0.027353952806241907,0.4624723446011808,1.3878753414663887,0.0,0.36213117718862464,0.17262726443086485,0.39697695310250386,0.0,0.0,0.0,0.0,0.0,0.751852607664763
158,35,0.0,0.8576364369928261,0.02094043914013899,0.0,0.0,0.0,0.007312085932222484,0.372839042007515,0.040904798684505785,0.9875361589629371,0.11300898822997756,0.07834362690778891,0.0,0.06862293034077886,0.14700176010121305,0.265915047033013,0.0,0.025393519146846563,0.0,0.7712703326174479
158,36,0.0,0.8276398994287835,0.0,0.0,0.0,0.060518294570804786,0.015093102428014605,0.0,0.44599929182888587,0.061221119575162006,0.0,0.43510552158623056,0.08259013497211783,0.8768000181766121,0.010056380118643767,0.10539563536556296,0.0,0.0,0.06365378937963988,1.3210677598227163
158,37,0.032533696316359606,0.533775383748676,0.005787726415031115,0.0,0.0,0.0,0.0,0.050686612130492754,0.09832891078154474,0.05135795718519017,0.028880902200202806,0.23161304008492395,0.1414927160945605,0.2909283408758189,0.0,0.0,0.2999927659184786,0.18422438946383313,0.05366714832237282,0.08893066130726344
158,38,0.0,2.67695127447589,0.0,0.0,0.0,0.2803573209233942,0.3245391780794834,1.3575116675943002,0.0,2.708569509096523,0.07675063370932252,0.0,0.0,0.0,0.0,0.0,0.1625572083349987,0.0,0.0,0.41888795887818436
158,39,0.005867335000272628,0.8830892661860797,0.0,0.0,0.02062734275050867,0.0,0.0,0.3881923301602037,0.22970783580483062,0.0,0.24154765686651092,0.2196972903084634,0.3926216642755179,0.0,0.05798194776316166,0.0,0.08639816186844734,0.04370354016902006,0.0,0.0
158,40,0.0,1.418901420248863,0.0,0.0,0.0,0.0,0.0,0.1615101640007454,0.054028493948486835,0.014385588330045945,1.1064598587263548,0.0,0.1477859354073232,0.0,0.0,0.11257328365102966,0.0,0.0,0.0,0.534431194457265
158,41,0.0,2.2888143768111546,0.03451573040221438,0.0,0.0,0.0,0.21046223586673118,0.31642788304640795,0.31228584853817665,1.4198186160993733,0.3570196511394106,0.0,0.21563834693993367,0.012408989007947312,0.05446981832571114,0.65391581645376,0.0,0.0,0.013167764848042347,0.0
158,42,0.0,3.0653429805093926,0.0,0.0,0.0,0.0,0.0,0.2568946224094509,0.1486244891876432,0.8966224930699687,0.2969562164313795,0.37572694338148,3.02595678668282,0.0,0.0,0.29088047181274357,0.0,0.0,0.0,0.0
158,43,0.0,2.4158065436504335,0.0,0.0,0.0035786131494234194,0.0,0.11183432182139855,0.0,0.8832398941861291,0.4875599985034933,1.0367375026314927,0.1943741329714969,0.15492530408873306,0.0,0.0,0.0,0.0,0.0,0.0,0.6382378719440595
158,44,0.0,0.6614442508024481,0.0,0.05288286839386926,0.0,0.0,0.0,0.35201897605568144,0.0,2.0953425597970745,0.14334106398905744,0.1473928999625995,0.7238914975478603,0.2610422814003581,0.2572198747012905,0.1379961586123874,0.0,0.09439239868165537,0.0,0.7007635686715464
158,45,0.0,1.5997501468016841,0.0,0.0,0.0,0.0,0.0101379262015111,0.07196244262543908,0.0,1.316440545407309,0.08180288237762665,0.33888269280961125,0.8050188191509002,0.33869337848613634,0.13227781495367183,0.0,0.0,0.0,0.0,0.0
158,46,0.0,2.5451094609363314,0.0,0.18554433477075957,0.0,0.23335343400443298,0.0,0.0,0.0,0.2638423958338889,1.8130795293868354,0.0,0.0,0.10093710396919216,0.0,0.777182104688415,0.0,0.01976746778763643,0.0,0.3836182831492643
158,47,0.0,3.251069950450353,0.0,0.0,0.08485389773522772,0.0,0.0066350887900206304,0.44565913049977524,0.0,0.8495975178181671,1.9681141093778203,0.0,0.0,0.0,0.05154713475021014,0.0,0.5810708221993215,0.031129814773632983,0.0,0.0
158,48,0.010835552931290746,1.340550408707549,0.0,0.0,0.0,0.0,0.0,0.05569407315722848,0.0,0.14671836151490206,0.6400529072141287,0.45664805575912065,0.12521209956763243,0.4798638497385005,0.65205543039199,0.0,0.4007906787858972,0.0,0.0,0.0
158,49,0.030493932336464816,2.4933145993156587,0.0,0.0,0.04379318040056588,0.0,0.0,0.09658155333643821,0.0030568434641274193,0.35830567667482355,2.2077742948363537,0.0,0.0,0.0,0.17036599112073603,0.0,0.625747372335139,0.0,0.0,0.0
158,50,0.0,0.7585495532801102,0.0,0.0,0.0,0.049851367307932194,0.0,0.023693985104645966,0.0,0.08031968262681606,2.4871191451324925,0.30423364707288053,0.22697008715680636,1.5028616800557537,0.3141282882396919,0.0,0.0,0.0,0.0,0.0
158,51,0.0,1.7476365262626163,0.0,0.0,0.0,0.0073762951439422745,0.14720884117325372,0.0,0.0,0.11063762592404211,0.1403354371644288,0.12317822582630214,0.06995296274176743,0.7977845323159284,0.03153046180767756,0.37933550396574034,0.7484812488354978,0.0,0.0,0.0
158,52,0.0,2.3402053696037286,0.0,0.0,0.0,0.4711691351168135,0.051168728704227,0.0,0.4391314615914406,1.237728663807579,0.370234839326739,0.0,0.3872011850828813,0.14442648072086686,0.0,0.23863379220840095,0.0,0.0,0.0,0.5199491569995134
158,53,0.0,2.7387672205904665,0.0,0.09621030620657724,0.048986381473982286,0.013388644432288623,0.06977142911620529,0.0,0.0032976459941891265,0.0,0.2491734642707115,0.5738383379077322,0.052877871930277494,0.4847114177656564,0.0,0.0,0.7645847511360413,0.20969962117170068,0.0,0.15519643110507256
158,54,0.0,2.479794689809004,0.011263359293454414,0.0,0.020293151987616845,0.5835608845414286,0.0,0.16189607083818736,0.5833978964370052,0.5542209915282413,1.0767724910186114,0.0,0.12261890961229616,0.04960554936793971,0.0,0.4902701629968949,0.24062994335938867,0.0,0.02517157555752202,0.42127671783615145
158,55,0.0,1.138299683137678,0.0,0.011524536336919303,0.0,0.0,0.0,0.041686315059563044,0.0,0.12086979989543022,0.11538006348975273,0.28848481141175264,0.0,0.0,0.0,0.0,0.21326387713026276,0.0,0.0,0.0
161,1,0.0,0.0,0.4479638362201568,0.1877618741063563,0.0,0.0,0.0,0.0,0.0,0.0,0.0,1.5582403720117883,0.0,0.0,0.0,0.0,0.1254802627145158,0.2801317564858858,0.0,0.0
161,2,0.11395200069208208,0.021760680341969554,0.0,0.24187596701481456,0.0,0.20065598480264674,0.0,0.0,0.0,0.0,0.0372854827145895,1.2397453712416473,0.0,0.0,0.0,0.0,0.0,0.5766230275010681,0.0,0.5194296827580871
161,3,0.012538666668681888,0.0,0.6584656753344731,0.04110177595494536,0.007476018194828298,0.15297905627214642,0.0,0.0,0.0,0.0,0.0,0.4303062925532291,0.0,0.0,0.0,0.020767831138709305,1.1680972473611104,0.9469760708719791,0.007987322241545525,0.0
161,4,0.0,0.0025814075612670393,1.546207882664963,0.0,0.030299108215107395,0.0,0.2818551710433815,0.0,0.0,0.0,0.27651409367849633,0.3387285231115088,0.0,0.38808646610714054,0.06091002861750008,0.0,0.0978146303191304,1.0621146942239303,0.10792506871146278,0.0
161,5,0.0,0.009764578663492214,0.16693312627127788,0.013119613462442472,0.007234232437691452,0.0,0.2276108906746841,0.06556803211057417,0.0,0.018288484091377375,0.0,0.318246354294289,0.14172812606380258,0.09327362928704346,0.0,0.0,0.0,0.7806906152497489,0.0,0.01664334688256238
161,6,0.0,0.0,0.012140727901465963,0.0,0.0,0.22388292553234093,0.2803766189936899,0.36698779112723023,0.24493345465493613,0.0,0.0,0.5596922022461547,0.02029601203564837,0.03311997112198354,0.1716407255296034,0.0,0.0,0.11460263519573553,0.0,0.0
161,7,0.0,0.0,0.6722799555021267,0.0,0.0,0.0,0.9201265234964782,0.14187113273447746,0.025750372003082174,0.023454330729395685,0.0,0.5922973516332866,0.0,0.0,0.0,0.0,0.0,0.0,0.0,0.15054949665161685
161,8,0.0,0.0,0.7273820219481567,0.0,0.0,0.0,0.10168341177241152,0.08635166956297861,0.0,0.0,0.0,0.33959845594207094,0.0,0.0,0.30831707927879326,0.0,0.3363715042751987,0.41528304253835946,0.0,0.15895667976131211
161,9,0.0,0.0,1.0803725207591313,0.0,0.01229350126161285,0.0,1.034597176828214,0.0021820557304689406,0.5064248218168866,0.0,0.0,0.3426838279322612,0.011077769256319632,0.0,0.0,0.0,0.0,0.0,0.0,0.41922292419917934
161,10,0.0026716794874322527,0.04217310715764748,1.6781948258071182,0.0,0.042031325427770154,0.0,0.13610834110842462,0.033010582444466204,0.0,0.01994101632720692,0.3329592090951677,0.4020801602035852,0.0,0.0,0.25789761553982254,0.07910471533273937,0.28848841164098027,0.16415561022674519,0.044456211073810196,0.02161826136557054
161,11,0.0,0.05260495385926773,1.2229041816600017,0.0,0.0,0.0,0.04644869744540718,0.07059998521068822,0.0,0.022954619033375995,0.3320456758488254,0.3978026911666226,0.0,0.0,0.28768060034183146,0.0,0.23127042664581757,0.0843329689357187,0.07126092019188052,0.0
161,12,0.0,0.0,1.903775387867528,0.0,0.0,0.0680478170207897,0.0997020545301256,0.030331579927841655,0.32512509414799456,0.0,0.14820697433371388,0.0830164548240194,0.02224432568285477,0.0,0.20865147342216092,0.06822388118548209,0.0027176124111618605,0.10119454311929925,0.03820728692593153,0.3420015546607718
161,13,0.0,0.0,1.9116187366403388,0.0,0.0,0.06667983438497394,0.7998035854948156,0.21958385557000615,0.0,0.0,0.0,0.0,1.0241970266162668,0.12526200949119407,0.0,0.0,0.0,0.0,0.0,0.8124066909580292
161,14,0.01104936098274787,0.0,0.6983840803889666,0.0,0.11099418375880886,0.09098801501109881,0.03792262500471853,0.027672248669711904,0.18956538933767902,0.0443762914158338,0.4215382023275792,0.28817473541435634,0.0,0.041664187712549657,0.0040024150143874665,0.0,0.1672296560430014,0.3820744055919154,0.0,0.15047195009562558
161,15,0.0,0.0,1.5723957278701972,0.0979427987861616,0.0,0.31944010632526604,0.0,0.21764421518017393,0.0,0.0,1.2169432564051983,0.0,0.0,0.0,0.0,0.7378553669460047,0.6378301787966328,0.3523208269168682,0.0,0.18985654908630223
161,16,0.0,0.0,2.762081297678032,0.0,0.01785922712008147,0.3260997250945569,0.25634149821169444,0.1789666786327894,0.42529521982855384,0.0,0.04846973957688054,0.0,0.0,0.0,0.0,0.23708244871491752,0.0,0.26421594644483926,0.0,0.0
161,17,0.0,0.0,1.7184707621479909,0.0,0.0,0.23793417317240903,0.0,0.0,0.0,0.0,0.0,0.062275380328533345,0.0,0.0,0.0,0.16258534109214914,0.29621254116726214,1.296402509520643,0.0,0.18193129925126947
161,18,0.0,0.0,1.114691584462761,0.0,0.0,0.09518072909439491,0.36646341806270416,0.20991409372354894,0.07717275521849075,0.0,0.0,0.0,0.005329360079054152,0.0,0.01154429531815208,0.10943968096003516,0.0,1.359454953893581,0.05762250694580551,0.15744169307023162
161,19,0.0,0.0,0.9649894068079641,0.09885590316543601,0.0,0.21245332551780174,0.6648599180864019,0.9185922189416694,0.0,0.12339487206317071,0.0,0.40251674774671853,0.4525173115696378,0.0,0.0,0.12067051518972599,0.0,0.9425711995951516,0.0,0.613683550280502
161,20,0.0,0.0,1.216467232939878,0.00535990105898163,0.0,0.0,0.921694466360236,0.0,0.0,0.014799199728514623,0.0,0.0,0.20997063168380922,0.0,0.0,0.0,0.7472995211334243,0.0,0.0,2.226212969091687
161,21,0.0,0.0,1.360558739638201,0.0,0.0,0.0,1.5300749239332014,0.037667156461104134,0.17044231819109265,0.0,0.0,0.7152830966494058,0.0,0.0,0.05327876347296451,0.01879140463759159,0.0,0.849741475862897,0.05908419907438815,0.9155400629615055
161,22,0.0,0.002245542853334462,1.4933544589730254,0.0,0.0,0.2920251914178325,0.05077711569869487,0.0,0.0,0.0,0.42917669745638004,0.0,0.0,0.2600870722793513,0.29517578180449267,0.13644969911089555,0.0,1.9813287678175868,0.27261202812514845,0.6690248050448555
161,23,0.0,0.0,0.8750544056662258,0.0,0.0,0.03352433079370881,0.27383650858915015,0.2997525902036193,0.0,0.006729198173715987,0.08158608166372276,0.25738423186275683,0.14064881384945452,0.0,0.0,0.1746862806713488,0.38376306947838595,1.653252560733335,0.0,0.0
161,24,0.0,0.0,0.6889964885982635,0.0,0.007222751678577643,0.28961667369366173,0.10172844779429985,0.0,0.0,0.0,0.5261820963072645,0.11590263541141797,0.14124103002625757,0.0,0.0,0.22526390389452425,0.3546582554021469,1.6005439238319568,0.03354166450521341,0.2604699245519062
161,25,0.0022990974342271533,0.0,1.8991206815471655,0.03266175905584002,0.0,0.4123232394336857,0.12521135882616646,0.0,0.0,0.0012252374069735331,0.0,0.44857328241209177,0.6078987628829358,0.0,0.0,0.0,0.0,0.4603030851890414,0.0,0.2190334871967429
161,26,0.0,0.0,2.8416310943173557,0.021367345823002044,0.0,0.1364851266824896,0.0,0.9777822413010543,0.09188139395792463,0.1030222527912577,0.0,0.0,0.19718554455101678,0.762644912866968,0.0,0.0,0.0,0.0,0.07076930576441752,0.20262116308004882
161,27,0.0,0.0,3.729576848391181,0.0,0.0,0.018198248197805418,0.4502083788292535,0.26055674250109534,0.3033510938209467,0.0,0.050858987415559324,0.0,0.15090398873007452,0.6651336502367928,0.0,0.0,0.0,0.0,0.038052030893829365,0.2824062454762985
161,28,0.0,0.0,1.9613275004540567,0.0,0.0,0.06616439571862862,0.0,0.5281203760401999,0.0,0.0,0.3266482436511079,0.0,0.1726134848666005,0.0,0.0,0.0,0.0,0.0,0.0,0.0
161,29,0.0,0.0,3.80651913487874,0.0,0.0,0.0,0.0,0.1459637514938514,0.0,0.0,1.6981179530120691,0.0,0.09857502801138436,1.2229994957896102,0.0,0.03613959143030417,0.19971142730067737,0.09589297480197578,0.0,0.677952568177419
161,30,0.0,0.056292469220315076,2.225448636237417,0.0,0.0,0.0,0.3196810853089245,0.5980452551296132,0.1032318999686096,0.0,0.0,0.0,0.18947265758247353,0.5795620977033151,0.0,0.0,0.6274692704956039,0.0373939261858122,0.018075273126996978,1.4028913995620087
161,31,0.0,0.0,2.14807580296162,0.0,0.0,0.43704685426165896,0.0,0.6181599239455521,0.0,0.0,1.1719383979478357,0.7538315821962656,0.010646230039463671,1.1887275239999733,0.4730934746293679,0.0,0.42421954418748004,0.025268166258382477,0.0,0.0
161,32,0.01495921479245877,0.0,1.9783092592959135,0.0,0.02966505673303102,0.0,0.33301297092549914,0.0,0.4485848430367642,0.01796192568086131,0.4129314220926329,0.468825708083899,0.14845956468616917,0.475691305683315,0.0,0.0,0.1420548434848875,0.49820989870967003,0.14653801925729237,0.25297221239715306
161,33,0.5349789854172499,0.0,1.6125692312618651,0.10872388620774821,0.0,0.0,0.21784271864886318,0.0,0.0,0.0,0.0,0.6186262527462839,0.09003004849661164,0.0,0.15513568619923632,0.0,0.0,1.2160990017391176,0.0,1.0698427236432322
161,34,0.26602813636076894,0.0,1.5321840922334335,0.04916522434516606,0.018615773576565756,0.0,0.15806248763530295,0.38379820657907937,0.15155587602036852,0.022398388331615785,0.0,0.7509799238500475,0.0,0.0,0.0,0.0,0.0,1.5378349615288716,0.01899948208134383,0.08270415944210986
161,35,0.0,0.041862249639771115,0.8111589119940896,0.0,0.0,0.0,0.0,0.17353972380594684,0.1499785357779874,0.0,0.0,0.0,0.3473276121798404,0.0,0.0,0.017950944554987008,0.0,3.94813320179363,0.16636294666986956,0.0
161,36,0.13254735777258225,0.022319624283529172,1.0075407932018328,0.0,0.03311869908892523,0.0,0.36947490815016065,0.42151760013939404,0.0672877167556581,0.0,0.18564362517698996,0.9571627969919535,0.13676052511061995,0.018478115894346708,0.0,0.11239364761436575,0.0,1.3327205086085496,0.05401614034427257,0.5389761818188199
161,37,0.15052730690874153,0.0,1.1018003409044872,0.0476181785660048,0.0,0.08429272278708018,0.0024940159380450796,0.1189302648776984,0.28149505529090413,0.0,1.140078028161925,0.05622045877822645,0.13250775944562382,0.5737313004171729,0.0,0.0,0.020965196169926544,5.0352968486700584,0.0,0.2762399214911157
161,38,0.0,0.0,0.9619010606300403,0.0,0.0,0.0,0.14323237147647475,0.0,0.0,0.033230128566603345,0.03664726975854663,0.0,0.4143191023193655,0.3352361562297419,0.0,0.0,0.11891497813581078,1.9607821087478088,0.0,2.076626581947496
161,39,0.00010340627100284746,0.0,0.8673848999512255,0.0,0.0,0.0,0.0,0.042256614815188824,0.0,0.032991752943607976,0.1386371225781632,0.14881145771180018,0.5302762189284866,0.0,0.7396562612971646,0.0,0.06675946463881383,1.038203159685989,0.005660970839807311,0.0
161,40,0.0,0.02607368447387152,1.03536503593506,0.0,0.0,0.0,0.023057396955393637,0.12006165947421164,0.0,0.22034721216034892,0.09828871696612758,0.0,0.3447097892500982,0.0,0.9120596863719292,0.0,0.22102284160654187,1.7445118957446013,0.0,0.5544965596466043
161,41,0.2198380405996066,0.029621539808485118,0.465131024903009,0.0,0.0,0.0,0.0,0.0,0.0,0.0,0.025120301407703178,0.07684020212783978,0.08627359711700627,0.0,0.28282654753573877,0.0,0.0,3.969236225894226,0.0,0.4311683734234268
161,42,0.06035721491431832,0.014676217185799131,1.06626037800126,0.0,0.0956833338242799,0.0,0.0,0.26216793432862784,0.13934233515252611,0.001725277349385096,0.0,0.3328906661672182,0.18336393971755696,0.07893895709407664,0.13986311360143736,0.0,0.0,0.09330268916777569,0.05188864660844986,0.0
161,43,0.0120088382533731,0.01197294731755325,3.99152522414328,0.10918800075679837,0.018859781071298425,0.018772448812185497,0.0,1.0076026008452774,0.0,0.0,0.0,0.2871661818151289,0.12133222102052535,0.3604943683778836,0.1628581402516537,0.0,0.45223990713008294,0.0,0.0,0.0
161,44,0.0,0.0,2.470060300186626,0.0,0.0,0.0,0.7749709666992339,0.0,0.0,0.0,5.9468070863445615,0.0,0.0,0.7937172311288039,0.0,0.0,0.0,0.0,0.0,1.2086631653878246
161,45,0.0,0.0,2.4895766230833027,0.0,0.07484745739234638,0.35379575124247936,0.0,0.23395023930156983,0.0,0.04474945464675035,0.29375042013542146,0.1954524535113908,0.0,0.0,0.11542131899874358,0.0,0.5783521441081322,0.40742336918154126,0.0,0.0
161,46,0.09561682092743344,0.0,2.5449284999291617,0.0,0.016492070712883014,0.2362988370201473,0.020717829943722732,0.5298542801364766,0.0,0.006127165126722228,1.245135341213934,0.31335502848726365,0.04968320806774789,0.0,0.1962331257553056,0.0,0.042964356740681074,0.0,0.0,0.0
161,47,0.0,0.0,2.0394501513239294,0.078091042594227,0.0,0.07015132663456361,0.0,0.08310122905721444,0.1803428774264964,0.13180653743710266,0.7093724001817268,0.32394318156872187,0.13087653702487373,0.0,0.0,0.0,0.0,1.0213019889813197,0.0,0.041503117032197216
161,48,0.0,0.0,0.6893991347209135,0.011629423121548832,0.010472851167020176,0.03312591372841941,0.0,0.5229332193388907,0.0,0.12404572709072487,0.1796064999814032,0.0,0.0,0.0,0.0,0.0,0.06873301680043215,1.2708424677768282,0.01111472644836469,0.0
161,49,0.17309260752469646,0.0,0.0,0.0,0.1103626482749241,0.1912689499480825,0.0,0.023179381158346085,0.0,0.0,0.853324721021625,0.37841039430488954,0.0,1.1918222945896184,0.14516405123874684,0.0,0.7510433437079949,5.0127991526200395,0.0,0.0
161,50,0.07887052417526565,0.0,0.833034017237102,0.0,0.0,0.0,0.0,0.0,0.0,0.0,0.0,0.9378709024308403,0.0,0.0,0.1401077347689839,0.0,0.10813157352966563,2.4072648983646974,0.0,0.0
946,1,0.0013914379341955438,0.0,0.0595155659834806,0.015222490179270506,0.01557923099917448,0.03434890546148399,0.004838887644780555,0.0,0.0,0.008558562334350331,0.12957904101797402,0.11935584057770826,0.0052330976880021205,0.08171992152170496,0.007789148629150967,0.0,0.010803310972118311,0.0,0.017867686803356608,0.0
946,2,0.0,0.0,0.0,0.03316903830787505,0.0,0.015594651634637462,0.27715523498859895,0.0,0.0,0.0,0.42088840948500467,0.17279016579177772,0.04233426989200657,0.07133698132738171,0.09422107654718655,0.0,0.0,0.0,0.0,0.0
946,3,0.0,0.0,0.0,0.003731698061157998,0.10137076028452242,0.6015569427611565,0.0,0.0,0.0,0.0032902188681949813,0.06636641482172442,0.09418445180537854,0.0,0.11364449650184197,0.0,0.06419128870767268,0.03224215515906121,0.0,0.0,0.09779539118612789
946,4,0.0,0.0,0.042097784421065584,0.0016574439904785295,0.015318402974514356,0.010055569765550401,0.012751326249324678,0.0,0.07293512247291979,0.0,0.0,0.08146352694087536,0.0,0.03257275917196675,0.0,0.0,0.06103513279274485,0.0,0.06040244170849495,0.03950886899404405
946,5,0.0,0.0,0.00628730380571057,0.018782032079477567,0.0,0.08035329850802518,0.014993027109576923,0.0,0.05324282062999022,0.0,0.25629852856559815,0.11967910616798513,0.027791734010953483,0.28589849949086393,0.03905708240915059,0.0,0.010317726545669512,0.0,0.0,0.002439259898909305
946,6,0.0032973310633932634,0.017398807869765335,0.0,0.0,0.16431104712463518,0.026819132966742674,0.0018632219086015635,0.0,0.0,0.0,0.2070570451405368,0.12476278386022667,0.0,0.03084065385932358,0.18738296105034227,0.0,0.04574214564183651,0.03584376838822518,0.0723390938099297,0.022364470774680432
946,7,0.0,0.0,0.0,0.0,0.0,0.06478036824599591,0.2061688595483097,0.0,0.0,0.0,0.2692017636284156,0.16059783014518017,0.0,0.0,0.0,0.051420674657823906,0.1616785081363992,0.10175695221876832,0.0,0.0
946,8,0.011228589711419656,0.0075674020215053565,0.021097426371896558,0.021527860148225247,0.1309376045298029,0.0,0.0,0.0,0.0,0.0,0.19733972703488506,0.1780650829597954,0.0,0.09954961233237979,0.23309614856206937,0.010485208751733303,0.009986947706722671,0.036869070558997144,0.029478603450324877,0.0
946,9,0.0,0.006038632208177338,0.0,0.01766567806281534,0.012128141301366161,0.0034922596144310253,0.1956728245474206,0.0,0.0,0.0,0.0,0.0,0.0,0.017937464940697753,0.10188017096028838,0.0,0.09111851019224121,0.19834897066065438,0.0,0.0
946,10,0.008015676019338787,0.0,0.02018841695674692,0.0,0.027775424275957406,0.05609962914144188,0.08581869166417803,0.0,0.06104743858862868,0.0,0.18761694271137547,0.01892458322302307,0.0,0.010705713026603477,0.13564371642304857,0.11506218658157137,0.3149233557438356,0.023761698349120078,0.11394746978408393,0.0
946,11,0.0033523564401712704,0.007996524410160941,0.0,0.03442500551981339,0.11066728852534664,0.0381871008318481,0.0,0.0,0.0,0.013283338273693898,0.1439621970213408,0.07186730362308391,0.0036329289170251885,0.010496779749932964,0.05237850047480385,0.0,0.047618108992252606,0.03863224386171591,0.0,0.052870036320918475
946,12,0.0,0.0,0.0,0.0,0.10632681436558108,0.056854800860258,0.08851172337940359,0.0,0.0,0.0,0.30509595436156084,0.32495846138618256,0.0,0.09005057770902292,0.03239282325749301,0.0,0.061783475726813565,0.0025857953031841953,0.0,0.0
946,13,0.0,0.0,0.0,0.0,0.22074719835605897,0.20545250978256976,0.07006104965019516,0.009377409473972309,0.0,0.0,0.03162347863677305,0.0,0.0,0.48900106722618036,0.0,0.0,0.0,0.0,0.0,0.0
946,14,0.0,0.0,0.025421579679403724,0.012767392117989286,0.0,0.2644311499020196,0.4614061436356038,0.0,0.0,0.0,0.2558792069552249,0.14861061779050427,0.0,0.37499649414618114,0.11984892049384303,0.0,0.0817942656014809,0.0,0.0028322100548649454,0.0
946,15,0.006524069735589073,0.05150092522623746,0.018295368876707338,0.07413057015753656,0.1056411518652846,0.05858206190134193,0.0,0.0,0.0,0.0034300599178146837,0.1097067840655778,0.0689164458705634,0.012081099368298626,0.45036912975144233,0.10934503800775751,0.01936754630300362,0.06709406254865918,0.05214028470455913,0.0,0.0
946,16,0.028610518524522517,0.007757773779966603,0.0,0.0,0.03935246526419149,0.0,0.12697809217295714,0.0,0.1009099733571915,0.0,0.0676740433060708,0.0,0.028731903753887737,0.21514413330174142,0.0,0.05561714870066628,0.2396006956347516,0.0,0.0,0.082736692090247
946,17,0.021804494392988687,0.017121856144078722,0.04447154386408675,0.09708747731931433,0.12579891165268825,0.0,0.0,0.3913158135841428,0.0,0.0,0.0,0.17999495392764878,0.0,0.27545207473652306,0.0,0.06604039672999097,0.3027610031439639,0.011522513946858893,0.041962945629171196,0.0
946,18,0.01989119433287213,0.0,0.05092014627163276,0.0815783476214934,0.05600440710396368,0.03548778146012,0.0,0.0,0.0,0.03701754800842085,0.0,0.16644793535212196,0.0,0.050156500972849065,0.0,0.0,0.030856625692051148,0.03135643261559187,0.0,0.0
946,19,0.010982446085749931,0.0,0.0,0.06541929962923602,0.0,0.0,0.002482084644557548,0.035010792312760296,0.0,0.010188589633414031,0.19766736807117188,0.05607979989312916,0.04398119165664913,0.1323768871203424,0.0,0.0,0.24229345976205166,0.018932543523195806,0.0,0.013378088828311678
946,20,0.02003596166073756,0.0,0.09990843357138865,0.16663776389517365,0.2509850068732298,0.11383489701129733,1.099865321689866,0.2600107196925008,0.0,0.06019063309868627,0.053981752241412044,0.026907725961548987,0.0,0.2896092448395043,0.0,0.0,0.42205761736696845,0.018219725867756813,0.0,0.23112183818204915
946,21,0.0,0.0,0.0,0.0,0.0,0.0,0.4917004603864892,0.0,0.0,0.0,0.04120163529726019,0.0,0.0,0.1539122947513467,0.0,0.06268398475339879,0.0,0.0,0.0,0.0
946,22,0.0,0.0,0.03130913797945236,0.002006812567358844,0.005554219605154295,0.04336955368747272,0.8215509257864124,0.0,0.0,0.0,0.5480655301049485,0.010858984823435808,0.03764344438487425,0.10522031182871734,0.006741145762435858,0.0,0.49098612170976014,0.020619319307577388,0.05397123980892998,0.0
946,23,0.0,0.0,0.038676500629033626,0.1465923921291202,0.11098965501681492,0.22032040939877934,0.2850190956355869,0.1761235371981819,0.0,0.022315536528202763,0.10238718275331476,0.0,0.3130779269869654,0.27340751284192266,0.0,0.0,0.012909464427918169,0.0,0.0,0.05997773767272926
946,24,0.03370865482260096,0.0,0.06847501205036637,0.17221402077140735,0.49964850161736357,0.21127231683345526,0.9770892717957348,0.38880258214186625,0.0,0.009051557034028782,1.3798066333268226,0.0,0.01032045896739257,0.8498648253586182,0.0,0.0,0.26444487403099887,0.0,0.0,0.0
946,25,0.003461209326084573,0.0,0.0,0.0,0.0021527953621540497,0.1999079854456766,0.3823927699700702,0.02590265180205767,0.022137330062570057,0.0,0.5891671180062309,0.1697931771378002,0.08920446337921169,0.08604279502951953,0.009256573492516499,0.0,0.12077995855460952,0.0,0.039379208279991015,0.0
946,26,0.0,0.0,0.0,0.03983599535213581,0.004902189193821937,0.11464041855927253,0.09245581295765799,0.05124071147078033,0.0,0.0,0.001992181726024778,0.041276349085714495,0.06383497835690437,0.09113496328851667,0.10062881722290715,0.0,0.0,0.2154961986255625,0.0,0.04708664338993553
946,27,0.012847708298522,0.0,0.030949705501898055,0.02383507566559895,0.0,0.20197029477712536,0.0,0.0,0.0,0.02743900235543515,0.04439753770860674,0.07336292177007346,0.01359142166293899,0.22866754199949305,0.0,0.038599611536093925,0.0,0.0,0.0,0.0
946,28,0.0,0.0,0.0,0.0,0.02218404239475727,0.008228970602243662,0.0,0.0,0.0,0.0,0.03917125601935173,0.0,0.0,0.17643788947048014,0.22604253095514704,0.0,0.0,0.04017794440666233,0.0,0.03850283824789825
946,29,0.0,0.0009899278748823894,0.0,0.0,0.0,0.045575209067238366,0.09103077388032885,0.034098765860393655,0.02226873047049908,0.0,0.0,0.05921395534418723,0.04156099006213648,0.055565756302553254,0.11143857239753277,0.0,0.0,0.0,0.0,0.0
946,30,0.0,0.0,0.0,0.0,0.0,0.45768956549327805,0.0,0.0,0.0,0.0,0.5512220141990654,0.0802198784806567,0.0,0.17092513578033072,0.0,0.0,0.0,0.0,0.0,0.0
946,31,0.003069967134792518,0.0,0.0,0.0,0.01456533631128568,0.0,0.0,0.00022095665090394296,0.0,0.0,0.12077370448395633,0.0,0.003735616384902179,0.11253147442258732,0.02953198590110863,0.0,0.0,0.07934257870242786,0.0,0.0
946,32,0.006145468245446338,0.0,0.0,0.026313767891589686,0.0,0.02369327861530328,0.0,0.08778609981312603,0.0,0.0,0.0,0.0,0.0,0.05019705003687493,0.06195580871062206,0.0,0.0,0.09272729822859492,0.0,0.0
946,33,0.004918409655252274,0.0,0.0,0.0,0.0,0.0,0.0,0.0,0.0029963248687505445,0.0,0.07382107225566052,0.013153336753982437,0.015711563961109617,0.04230098476018662,0.0,0.0,0.0,0.0,0.0,0.019311684754332016
946,34,0.000158405313284765,0.0,0.0,0.001293858346930786,0.0,0.0,0.0015930048932291782,0.0,0.0,0.0,0.031974530805693874,0.039091766829987384,0.0,0.07308116965097461,0.016160302969985434,0.0,0.010049287465665845,0.0,0.00714888789161583,0.0
946,35,0.001827982646443391,0.0,0.0,0.0,0.009303398883585732,0.0,0.004728394938849701,0.0005252105078331055,0.0,0.009283167681267489,0.21533798412045493,0.0,0.0,0.04362283549977641,0.03670781314437696,0.04885573230704687,0.0,0.013058742622709712,0.0036912166579112986,0.0
946,36,0.0,0.0,0.0,0.0,0.022518774118506727,0.028176500919792513,0.0,0.007455206904863415,0.0,0.0034505210277017487,0.12875478185612793,0.08360171816429329,0.0,0.04350554732878862,0.019154819198870278,0.0,0.007548029676845751,0.0,0.006862862890233752,0.0
946,37,0.0,0.0,0.0,0.0,0.0014778029549918342,0.0,0.0006456511399091363,0.0,0.0,0.0,0.08452841550202786,0.0060988556411056185,0.006548733596312953,0.03449211985742537,0.0,0.015332797330553146,0.0,0.00471699102273017,0.0,0.0
946,38,0.0,0.0,0.0,0.0,0.0,0.10198480689275682,0.07859704647994653,0.0,0.0,0.0007436311159008707,0.0,0.0,0.04288086449122577,0.23225856248046015,0.0,0.030748090008245813,0.0,0.041889412505845186,0.0,0.04620875723102044
946,39,0.0,0.0,0.0,0.0,0.0,0.13720940341080642,0.07818785971856936,0.0,0.0,0.0,0.17310539584090331,0.0062182074973651654,0.0,0.03959649890151566,0.05400380451453828,0.07255291905755278,0.0,0.0,0.0,0.0
946,40,0.0,0.0,0.0,0.00029882784327069903,0.10001480662187401,0.2640643925070856,0.0,0.0,0.0,0.027473220645166285,0.0,0.0,0.0004675893833867254,0.15723965740340917,0.0,0.015482142931286188,0.0,0.0,0.0,0.09458125326472828
946,41,0.06681174162690022,0.0,0.11304598982824811,0.09403680685013201,0.0887795360037011,0.16964752005084466,0.3023366353776295,0.0,0.04644226470777366,0.15244369764381224,0.0,0.4307080187835696,0.1077738163411366,0.8624685960253233,0.0,0.034769306675756034,0.09093525514530328,0.03796322977820536,0.0730987190773069,0.0
1212,1,0.0,0.0,0.0,0.0006687111660392481,0.0002564769016113966,0.021015995249611626,0.00540354527983231,0.0,0.0,0.0,0.017966624635721504,0.043295722996759614,0.0,0.0,0.024201543200410347,0.0,0.0,0.0,0.0,0.0006944603502559288
1212,2,0.0,0.0,0.0,0.003854678254891564,0.0017402536422183267,0.019980124751053322,0.0,0.0,0.0,0.0,0.012313739633850782,0.028400700960989067,0.0,0.0,0.002611923143324709,0.0,0.0,0.0,0.0,0.0
1212,3,0.0,0.0,0.004081581875352896,0.04577756617073532,0.01613808495665904,0.10931379841997668,0.0,0.0,0.0,0.0,0.0,0.08760252433884946,0.0,0.019337018341612795,0.0,0.0,0.0,0.025026947150237018,0.0,0.0
1212,4,0.0,0.0,0.0004901711657969631,0.0,0.0010776382904825348,0.19125646258357062,0.0,0.0,0.039235172645589574,0.0,0.0,0.04458011211661743,0.0,0.0015807440290379002,0.10222856656454812,0.0,0.0,0.0,0.0,0.0
1212,5,0.0,0.0,0.0,0.23643996547762294,0.0,0.6712445352841475,0.0,0.13827508342264477,0.01034493593156315,0.0,0.0,0.0,0.13834113371031773,0.0,0.0,0.04831586280218417,0.0,0.0,0.0,0.0
1212,6,0.0,0.0,0.0,0.066495580004578,0.0,0.3376693331243269,0.1702388097158018,0.0,0.0,0.0,0.0,0.0,0.055824215911878555,0.02044152703505426,0.10900683032192372,0.008755995429182987,0.0,0.18061140106490056,0.0,0.0
1212,7,0.0,0.0,0.0,0.010620949711314508,0.0,0.481360580051233,0.01366995028078273,0.0,0.0,0.0,0.0,0.04385937941826505,0.0,0.0,0.05488944063080685,0.0,0.5195782025077686,0.7569520265792054,0.0,0.0
1212,8,0.0,0.0,0.0,0.0,0.0,0.4294573663741891,0.40832237675685995,0.03678788187136994,0.0,0.0,0.0,0.0,0.0,0.0,0.0,0.0,0.0,0.38657530217546754,0.0,0.0
1212,9,0.0,0.012364203136630525,0.0,0.0,0.0,10.261042203083749,0.07280487430357262,0.5655414356005782,0.0,0.0,0.0,0.0,0.280274450283749,0.0,0.0,0.0,0.312734089783838,0.424000491797466,0.0,0.0
1212,10,0.0,0.0,0.0,0.04710090040142046,0.006590456563777811,0.754251360254633,0.02162509607659917,0.0,0.0,0.0,0.0,0.3021604996273119,0.008877170999678732,0.08487198808137617,0.09114118786478934,0.033578668089378705,0.0,0.0,0.0,0.0
1212,11,0.011631595771974843,0.0,0.03580186167035979,0.13210736846351476,0.01444089112251086,0.4847880533580645,0.2668680224478081,0.14276424107867242,0.0,0.0049988595833428875,0.22581563921075062,0.04794321735150879,0.07446405931642636,0.3384244148992551,0.0,0.13974202270262523,0.0,0.0,0.0,0.12274352137768815
1212,12,0.0,0.0,0.0,0.0,0.002963546217405698,0.7094437723776502,0.24033482443025786,0.0,0.0,0.0,0.0,0.40293497240443327,0.0,0.17106804520942845,0.0,0.0,0.18769166222595712,0.0,0.0,0.0
1212,13,0.019837750050924134,0.0005029298490629745,0.0,0.0,0.0,0.7639094747030718,0.04030738325955015,0.0,0.1742127707701712,0.0,0.0,0.1611633935316837,0.0,0.15910971021323891,0.0,0.20732346703774182,0.023789357411320378,0.0,0.0,0.13578014048935674
1212,14,0.0,0.0,0.0,0.0,0.0,0.47826495895156934,0.13154625907634285,0.0,0.0,8.278532529102165e-05,0.0,0.0,0.04058116763374161,0.08141017233899031,0.0,0.04014699646912446,0.0,0.0,0.0,0.1775346693748782
1212,15,0.03071431670630172,0.0,0.0,0.17988975657092013,0.013669605763449362,0.28124977976463167,0.4415386235424787,0.08126017054527708,0.0,0.0,0.6516459632244128,0.30470669496426106,0.0,0.07799077058358461,0.0,0.2414635704741324,0.3783487395038567,0.0,0.0,0.36049394163712833
1212,16,0.0,0.0,0.02342394476054151,0.0,0.0392861953843623,0.36928534720063216,0.0007008344684969002,0.0,0.004321527696739259,0.0,0.08853018463136997,0.33651602959555565,0.20670259530304763,0.1758304595539175,0.0,0.29310991315068624,0.15933984690428918,0.0,0.0645979395411527,0.1670931245809257
1212,17,0.0,0.055255862487445906,0.014135426538824795,0.0,0.028848121385122154,0.14293465655688434,0.0,0.0,0.0,0.0,0.3298643857377045,0.04784573725111905,0.0,0.08948952114577093,0.021561509090294438,0.0,0.10477639715023378,0.0,0.0,0.0
1212,18,0.0033270497063133293,0.005819477257429547,0.0,0.0,0.0,0.2913942731168701,0.0,0.0,0.1295399303857114,0.04891551091953186,0.0,0.15278025860878336,0.0,0.37173680535074866,0.0,0.0,0.060356167344785105,0.0,0.054448680738630545,0.04056554486815737
1212,19,0.0,0.0,0.0,0.8578038729649992,0.05934381290789405,1.331575401226909,1.3139305050106544,0.0,0.0,0.1649772859130631,0.2561675181240844,2.284170455623123,0.0,0.0,0.0,0.2761536088908893,0.0,0.0,0.22992893606433548,0.0
1212,20,0.0,0.0,0.027520533425885924,0.06670454440094141,0.0,0.19965796934826913,0.10887389968593611,0.1591167715443277,0.0,0.0,0.10802004310346523,0.16849844466838526,0.005864750572107969,0.0,0.03220966407722326,0.0,0.0,0.0,0.0,0.1939852589833217
1212,21,0.0,0.0,0.0,0.0611714781421859,0.0,0.6462087186797815,0.0,0.0,0.0,0.7537388335655635,0.16687844549679182,0.24066065314063761,0.0,0.08476485703612989,0.0,0.0,0.5483699746855829,0.0,0.0,0.07717212977120227
1212,22,0.02290385670557143,0.0,0.055628776106581075,0.18422684336615075,0.0,0.038624927101916395,0.0625192257848104,0.6421584745878324,0.2774964214136027,0.09670152466954754,0.12457363577614264,0.0,0.07286987586534296,0.00585871193952178,0.0,0.0,0.0,0.0,0.0,0.7005932699956352
1212,23,0.0,0.02299395846862747,0.007046936848552776,0.0,0.0,0.1352038602238257,0.0,0.03163303300820759,0.1277291810156703,0.012149621153108676,0.27888658790621024,0.20186062355329495,0.0,0.0,0.014581406315368976,0.0,0.1345035345783119,0.0,0.0644094586579339,0.06589824475125187
1212,24,0.0,0.0,0.0,0.18475202539417757,0.0,0.8508747330139536,0.18026926412952282,0.13928045773646872,0.0,0.13185344749384625,0.0,0.0,0.0,1.1437112622066996,0.0,0.0,5.834546869988656,0.0,0.0,1.346750614904064
1342,1,0.0,0.0,0.0,0.437468204912336,0.0,0.028460911994651075,0.06596204336989649,0.0,0.0,0.014657016708404927,0.0,0.3820009273950232,0.19042048247747664,0.0,0.0,0.0,0.049589333909832695,0.0,0.0,0.3525663045862358
1342,2,0.0,0.006537630187767968,0.0,0.7035067605854339,0.0,0.1083486972110156,0.0,0.0,0.20723481650392883,0.0,0.10904764282787904,0.0,0.029691881397815454,0.0,0.23038311589111535,0.10595480571371638,0.0,0.0,0.0,0.07528568481029516
1342,3,0.0,0.0,0.0,0.8522506822449637,0.08887427112296807,0.0,0.0798709601391023,0.8295234313363995,0.040354577704103355,0.25849381265361404,0.0,0.12935595911284462,0.0,0.0,0.0,0.0,0.029134496245303364,0.0,0.7755730325941784,0.31129327219899183
1342,4,0.0,0.0,0.0,0.004477003569362885,0.0007790774499611173,0.0,0.0,0.060221117213273265,0.0,0.009577551502949937,0.0,0.42189278900696653,0.0,0.0,0.10266486524422365,0.0,0.09003694698197905,0.0,0.9404874432975733,0.15929076331233014
1342,5,0.0034265585916706913,0.0,0.0,0.08051523576218812,0.006969620659955661,0.05838684729405904,0.07384172568828576,0.0,0.12700536178389807,0.32448891188126855,0.230920905050266,0.0,0.0,0.0,0.14939521939005837,0.0,0.0,0.0,0.45407432535488934,0.3583938531064039
1342,6,0.0,0.0,0.0,0.006236847915114424,0.008552462886563115,0.03858096836205652,1.0081664346532622,0.0,0.22340401203023164,0.6101875346582092,0.38739546080045795,0.06345144596783797,0.0,0.0,0.027916189754000797,0.0,0.5229523521718138,0.0,2.3882721660644797,0.21357861407847595
1342,7,0.0,0.0,0.0,2.104097749106153,0.3006886141859839,0.2926098659062586,0.032438570906457,0.0,0.014676093710778373,0.959211970641443,0.0,0.06396200618383735,0.7705631995248557,0.03633174061132134,0.0,0.0,0.0,0.0,0.12628767057613846,0.0
1342,8,0.0,0.0,0.12568220729018872,0.9605616169086575,0.0,0.0,0.0,0.3583963455560105,0.4608251606955625,0.3071927140341512,0.0,0.0,0.0,0.0,0.0,0.18419764280525505,0.0,0.0,1.7332207342814563,0.1446605869547996
1342,9,0.0,0.0,0.030544315528660364,1.1478360914123429,0.0,0.0,0.1651508551561376,0.0,0.32313841839286617,0.5152979409873465,0.0,0.3313332001789791,0.0,0.0012438908172033017,0.0,0.05213473199590231,0.267388236288655,0.0,0.964837523737483,0.3058030430965698
1342,10,0.0,0.0,0.0,0.19353958022433093,0.0,0.0,0.0,0.0,0.0,0.0956872901601808,0.2747848083899966,0.0,0.18460794816930806,0.6851028515298789,0.0,0.0,0.0,0.0,3.0277057099246774,0.4698881399730362
1342,11,0.0,0.0,0.0,0.41025449763254157,0.0,0.03745121210389014,0.0,0.3206787241167992,0.0,0.0,0.0,0.0,0.08537174380599992,0.0,0.0,0.36087372207075724,0.0,0.0,2.111359491624619,0.15164014822706012
1342,12,0.0,0.0,0.005064582261534,0.7194884197588383,0.04401683993099731,0.0,0.0,0.0,0.07988911907388972,0.49354973051557477,0.0,0.0,0.16733347465467233,0.022206535805636824,0.0,0.0,0.0,0.0,0.21626880423677847,0.0
1342,13,0.0,0.0187369913422917,0.0,0.8354652901936279,0.5657395784996061,0.17661645271042226,0.49649292605663536,0.0,0.026282822355580507,0.13457795172346698,0.2638451185862798,0.035267456589525834,0.0,0.5631288899976853,0.13432271138133073,0.0,0.1370195138476286,0.0,0.0,0.049663077911695865
1342,14,0.011294394082439142,0.035823564889955604,0.0,0.7628886920899673,0.7060218922602581,0.0,0.2322064972255134,0.03166744230819431,0.14836982529942272,0.0,0.008985290675530765,0.10996315704283066,0.0,0.0,0.0,0.0,0.0,0.0,0.0,0.002403388418489432
1342,15,0.0,0.0,0.0,0.9215767038251782,0.18156404753406777,0.0,0.0,0.29870815934992906,0.3318550978253368,0.31477081680669855,0.0,0.16605942786355649,0.19198916472939126,0.0,0.17517956095377119,0.0,0.0,0.0,0.46754541263093025,0.0
1342,16,0.0,0.0,0.0,0.13646105899307073,0.5284906479348396,0.22443219815901755,0.0,0.0,0.0,0.0,0.48488188964657775,0.5594897511061049,0.0,0.0,0.6381364976531189,0.24388322189285788,0.0,0.0,3.6104721115542375,0.03182930839096905
1342,17,0.013210369173760004,0.0,0.0,0.5598952345913694,0.22659994868159086,0.0,0.014088599643742889,0.0,0.04562284058680573,0.5358048303427811,0.25955358098221626,0.1885141859640353,0.0,0.0,0.0014400033433459517,0.0,0.0,0.0,0.7078406809598413,0.0
1342,18,0.0,0.014254572246165248,0.045837230909519966,0.4862992827246377,0.2336460168692689,0.27572564315021997,0.6293157035631705,0.6686857905240703,0.7472363108381341,0.9252984658067809,0.5529974429487994,0.0,0.015533779123157215,0.0,0.0,0.1995301659623305,0.036478403533194814,0.0,5.6614766403040955,0.03776866522538046
1342,19,0.0,0.036640220099056243,0.0,1.1332447160892432,0.2559154059676745,0.17448591179933728,0.33560356277923814,0.0,0.0,0.0,1.1300191511751496,0.14117342604340286,0.08778902105840981,0.0,0.14759996348283333,0.0,0.14398950543164388,0.0,0.2761825256800912,0.0
1342,20,0.001976016718256338,0.0,0.0,2.003600394728194,0.0,0.1837219753221245,0.1698891056749973,0.19067132946741647,0.0,0.2218650854120853,0.48465953030142056,0.0,0.0,0.0,0.01776457581545841,0.0140343610543979,0.12359468363012024,0.0,0.0,0.10098836624514998
1342,21,0.0,0.0,0.02647613580766172,0.3499506699314792,0.1184078816547125,0.017352918172180543,0.0,0.0,0.010650938930044143,0.9823550807480034,0.14186112958320654,0.08978393402832326,0.09113486385767983,0.5285628926611784,0.0,0.0,0.752421656200989,0.0,1.2902467503539503,0.0
1342,22,0.0,0.0,0.0,1.1436009457853602,0.0,0.0,0.5153812836640245,0.0,0.0,0.0,0.18183653500501643,0.23448999834751888,0.0,0.0,0.5148877600649371,0.0,0.541936512426964,0.0,0.23401360787937994,0.0
1342,23,0.04843794472822624,0.0,0.0,1.8813627475645938,0.06406303099989952,0.0,0.6041935242372118,0.0,0.0,0.41457270937968543,0.006793355361511664,0.11708742809142716,0.0,0.253437502217464,0.0,0.0,0.13536533080684632,0.0,0.0,0.0
1342,24,0.0,0.0,0.0,0.6951016039078471,0.0,0.0,0.0,0.0,0.0,0.9068663711457234,0.400710304152824,0.21023769014990232,0.0,0.24949157946692202,0.0,0.11997979604293182,0.7355714824233646,0.0,0.8985665755184131,0.0
1342,25,0.0,0.0,0.0,0.5494980799311145,0.0,0.0,0.0,0.0,0.03717493093311737,0.6406995883926133,0.0,0.18698255916048706,0.04838487391340093,0.250393671588132,0.0,0.24125499882819942,0.976987726505012,0.0,0.623772154128392,0.08188588075290044
1342,26,0.011855248752184815,0.0,0.0,1.0355340287756938,0.03747322177387068,0.0,0.08035382933037766,0.0,0.0,0.5462928992087415,0.29918868732713094,0.0,0.0,0.8943245585519393,0.13295053185045463,0.0,0.7697273726298721,0.0,1.3033037770492544,0.0
1342,27,0.03255666451639277,0.0,0.0,0.633109099065211,0.12665074861667985,0.1659695663392054,0.33674216436593396,0.0195378241920033,0.06016986880968045,0.351065251988812,0.0,0.16373575694507453,0.06727052468168962,0.1353211844445626,0.06569857928138027,0.033079886128179734,0.23823338643381664,0.0,0.3708056921095863,0.07920639329346327
1342,28,0.0,0.0,0.0,0.8084687999176423,0.5257420167265198,0.0,0.1949413529167639,0.4896031134287398,0.280305302109463,0.0,0.0,0.0,0.0,0.0,0.0,0.0,0.0,0.0,0.5715405021633205,0.16586776044981635
1342,29,0.0,0.012977188852710457,0.0,1.2658642968220368,2.1376477037809742,0.06028479788083532,0.925965602715827,0.10836678560848405,0.09821243868151451,0.0,0.0,0.15419812974080396,0.0,0.0,0.0,0.34896527914798015,0.0,0.0,0.49601545249709494,0.0
1342,30,0.0,0.0,0.014250681420815306,0.5582661450265721,0.25885733401619976,0.0,0.30920796271371204,0.582328470641396,0.0,0.03608892408966047,0.0,0.0,0.04700525180582291,0.0,0.01583873323634153,0.0,0.0,0.0,0.8197286506458659,0.0
1342,31,0.0,0.0,0.0,0.016638628230670343,0.6355229383161627,0.0,0.0,0.12593796825377998,0.0,0.05191659879735654,0.0,0.0,0.0,0.0,0.0,0.42053320096055286,0.0,0.0,2.0781132396208157,0.24802688096188993
1342,32,0.023871735147016286,0.01837899103676693,0.0,0.22355033801411928,0.3348304473689118,0.0,0.0,0.06000610793131859,0.1185853044694959,0.2001306524651697,0.0,0.0,0.04910202487657947,0.05771931034754613,0.48248785233407443,0.0,0.29663864041596,0.0,1.4578942456940769,0.1356529890636512
1342,33,0.023064887133387606,0.0,0.0,0.0,0.0202408693397529,0.07351719196604913,0.0,0.0,0.0,0.4241162384476153,0.12613397936668044,0.010370550890915271,0.035138255462872005,0.14203660353325503,0.3628441960021676,0.0,0.26807092771529795,0.2040254682294894,1.9473783839415248,0.40468968752462536
1342,34,0.0,0.0,0.04164002680544785,0.0,0.0,0.0,0.0,0.4401512853996653,0.0,0.13363926713559346,0.927297688406765,0.0,0.0,0.0,0.0277444997860559,0.0,0.6246033285826157,0.0,1.5362365267139222,0.0
1342,35,0.0,0.0,0.07037079847734852,0.0,0.0,0.2366218290498631,0.026592105640228632,0.0,0.0,0.0,1.131825004623681,0.739259825443238,0.0,1.1619083889454505,0.4809506874684172,0.14394565616330998,0.09862696625593698,0.0,0.7730790769664332,0.0
1342,36,0.0,0.0,0.006154333235559087,0.0,0.043693453668027696,0.01883504727655373,0.0,0.08967687520248264,0.0,0.3073755096160435,0.383988634231052,0.13895367763743843,0.0,0.7650645108503221,0.2491938717216776,0.09142711595850296,0.281845665238043,0.0,1.2659474264814288,0.0
1342,37,0.0,0.0,0.004145647915485196,0.5669636250495632,1.0383943968632352,0.09931001370621094,0.0,0.0,0.0,0.2564012999256247,0.0,0.20817312369095808,0.49179176963762683,0.23708859879087257,0.0,0.0,0.0,0.0,0.22897916472254506,0.0
1342,38,0.008609382636169689,0.0,0.0,0.5642465674237146,0.0,0.7601424347909727,0.0,0.00042105392408338957,0.0,0.1991425696192317,0.01597971070102724,0.0,0.23593559336147749,0.006079880643982989,0.0,0.0,0.0,0.0,0.491194551908559,0.0
1342,39,0.0,0.0,0.0,1.0783501753443445,0.0,0.0,0.0,0.0,1.1168405815612854,0.46820158415650326,0.0,0.0,0.31260500150231196,0.04079487956179749,0.0,0.0,0.0,0.0,0.0,0.3768482881760096
1342,40,0.018165677730998107,0.0,0.0,0.022215954205034857,0.0,0.0,0.0,0.0,0.0,0.7237894084472102,0.3135492303446168,0.14485020884576302,0.0,0.43930605101750275,0.0,0.23331376643153645,0.14023791322762164,0.031204559670781003,1.0249127780260332,0.07280677973351213
1342,41,0.0,0.0,0.10624254258933691,1.0505598115187247,0.0,0.1709547824524103,0.0,0.0,0.0,0.142010692083295,0.1772861561286832,0.21547538399749191,0.446151776403816,0.0,0.9396161619238677,0.21010231900645057,0.15660177564114286,0.0,0.6183920528364746,0.0
1342,42,0.014693349229371851,0.0,0.06459492910225104,0.7845922662563526,0.0,0.0,0.027255934611122013,0.0323858753893249,0.14043768781367555,0.11613967417796985,0.0,0.8037596634796728,0.3631840639569295,0.22693280152954445,0.0,0.0,0.12909030000415864,0.0,0.4204265303852525,0.0
1342,43,0.01539799220422902,0.0,0.0,1.1724351142289842,0.0,0.3201602399036026,0.25609377018996965,1.2726834323194174,0.4924877262714409,0.0,0.0,0.0,0.4724907370955642,0.0,0.31982536004363327,0.0,0.0,0.0,4.312479766942424,0.10635196696824956
1342,44,0.0015357296139476547,0.0,0.08055301003966711,0.0,0.0,0.0,0.0,0.43001908133149847,0.2965672376656634,0.14813098557156248,0.0,0.0940009142207339,0.06619466523946495,0.12250307940508862,0.23901079892043306,0.0,0.40412059519589505,0.0,2.73796758008138,0.0
1342,45,0.0,0.0,0.08381515883479673,0.37016250107468096,0.0,0.0,0.0,0.2995265306454621,0.0,0.0,0.0,0.0,0.0,0.031646194655897485,0.0,0.23167904145397744,0.0,0.0,2.4944566375330943,0.0
1342,46,0.0,0.0,0.007581808030487441,0.7446887363672573,0.0,0.6081927645568805,0.0,0.3152402399785124,0.0,0.5078156403316323,0.1948847463126168,0.0,0.5779323101052113,1.4842706035946869,0.19064900213510638,0.34315859431638757,0.04842007824766999,0.0,1.2115335658422932,0.1454043352414558
1342,47,0.0,0.0,0.10355692239703737,2.4471183554058826,0.0,0.409980989444209,0.0,0.0,0.3631407334243467,1.4417862329537243,0.6019887302862232,0.0,0.2928610650198738,0.5318270859739747,0.03629928667639636,0.6447784406128096,0.9978058837274542,0.0,0.5692405119562496,0.5507822030758207
1342,48,0.0,0.0,0.0,1.6736435203550828,0.11008976674651247,0.09479440269155333,0.38661907069770785,0.0,0.0,0.14238564423874644,0.16981025063630248,0.14518327347764698,0.35835910481259353,1.0935118732581857,0.2365809172292321,0.1699935817913052,0.0,0.0,0.0,0.0
1342,49,0.0,0.0,0.0,2.2409882210416145,0.0,0.08764429673602854,0.032613064207141745,0.0,0.421007606386338,0.7218271783148543,0.3887119637166331,0.0,0.0,1.1374106724220836,0.0,0.3071774895149236,0.0,0.0,0.0,0.28019804267884635
1342,50,0.0,0.0,0.0,1.5464464278353394,0.04697661468010298,0.17640668631509046,0.0023006917106484755,0.0,0.0,0.021679420910923328,0.0,0.8058167112657841,0.0,0.1343399053336938,0.21077457439481406,0.0,0.07603874303183898,0.1571230626509348,0.0,0.0
1342,51,0.05396683710841941,0.0,0.006438077123564934,1.6317205550662033,0.0,0.0,0.0,0.21839878801249998,0.08945111101815986,0.4113049203184498,0.0,0.0,0.5210630287652032,0.19833929776115897,0.0,0.0,0.0,0.0,0.6738963041444249,0.6478704221174131
1342,52,0.012365364726906481,0.0,0.09048066482161717,0.04340722585841558,0.0,0.30038567297248825,0.002812827543704393,0.0,0.0,0.18337127213711774,0.5502129819397336,0.03903830018270164,0.3968725250497454,1.0148888804420977,0.6820544263954061,0.0,0.0,0.08019009108923827,1.4372694335860408,0.8614490936696224
1342,53,0.04710017565367163,0.0,0.23540310272038517,2.0972893048031667,0.0,0.03342674672185508,0.08736162844623706,0.10662368791437145,0.6997525731243465,1.1373255192415257,0.0,0.0,0.011927069720358337,0.5041099338642141,0.0,0.012457220619232847,0.0,0.0,1.0769010724105301,0.22948308056047434
1342,54,0.0,0.0,0.05067264628829626,0.8985421711662867,0.0,0.0,0.0,0.6211867863142385,0.31496498664477707,0.2847862982324751,0.0,0.0,0.0,0.0,0.0,0.056378329618923514,0.28234080663008926,0.0,0.9956745315729548,0.0
1342,55,0.0011349679447946695,0.0,0.07621821309619693,2.6796760340761083,0.006208012978033683,0.0,0.0,0.7204049037592165,0.45430706166469276,1.4840611055971733,0.02364694223129139,0.0,0.1431907093900147,0.12823652135671906,0.0,0.0,0.1814904669511353,0.0,0.03695175339922889,0.0
1342,56,0.0,0.0,0.0,3.1179724684506103,1.6023411864874741,0.05399800470755013,0.0,0.275736645523308,0.0,0.0,0.7850136264338434,0.0,0.0,0.0,0.0,0.0,0.0,0.07778458222575589,0.5040674180165,0.0
1342,57,0.0,0.04241694447232731,0.0,0.784752488256348,0.6498471093779826,0.1643366274368768,0.0,0.0,0.0,0.0,0.21556302964042845,0.0,0.0,0.7650530619045687,0.2130374674324915,0.0,0.0,0.0,0.627437939794384,0.0
1342,58,0.0,0.0062636710819764015,0.0,0.5447780387945542,0.03237883622156735,0.0,0.0,0.0,0.0,0.11561363024817924,1.0602344216480502,0.0,0.0,0.758961973116021,0.25358615235461474,0.0,0.2548196140404648,0.0,1.7434757800794927,0.0
1342,59,0.0,0.0,0.0,1.1644482134718652,0.0,0.0,0.0,0.27283385961278184,0.0,0.6459199854292721,0.2540334341357544,0.0,0.2796373607227758,0.0,0.0,0.09469100777956423,0.7099302390812946,0.004737878316916833,1.6512239911315953,0.4478226768730557
1342,60,0.018232240800002495,0.0,0.0,0.08797270143906809,0.530303396641907,0.0,0.2955799115386277,0.0,0.0,0.4487391522716927,0.16898225105798534,0.0,0.02515599288871672,0.5282265615453138,0.0,0.0,0.4861998520658317,0.0,0.9788067208647417,0.0
1342,61,0.0,0.0,0.0,0.4174583360526777,0.0,0.0,0.0,0.0,0.0,0.24309831916625987,0.0,0.4554093697564345,0.0,0.24676700660808745,0.0,0.0,0.26014927196170207,0.0,1.0592481047930922,0.0
